scenario,runIndex,seed,generator,numOfStates,numOfCalls,numOfLocals,numOfReturns,numOfStackSymbols,density,acceptingStatesDensity,numOfModules,secondDvpaNumOfStates,useSrs,useEquivalenceCheckToValidateOutput,equivalenceQueryCount,equivalenceQueryHypothesisStatesTotal,equivalenceQueryTimeUs,equivalenceQueryTargetMembershipQueryCount,equivalenceQueryTargetMembershipQuerySymbolsTotal,membershipQueryCount,membershipQuerySymbolsTotal,membershipQueryTimeUs,stackContentQueryCount,stackContentQuerySymbolsTotal,stackContentQueryTimeUs,srsCheckCount,srsCheckTimeUs,srsCounterexampleCount,automataGeneratedCount,automataGenerationTimeUs,learnerTimeUs,outputValidationTimeUs,status,targetNumOfStates,targetAcceptingStates,hypothesisNumOfStates,hypothesisAcceptingStates
idempotency-srs-mixed,0,1,idempotency,20,3,3,3,16,0.8,0.3,5,2,0,0,1,1,215424,0,0,109,162,9,111,165,1,0,0,0,1,359,215808,0,passed,20,0,1,0
idempotency-srs-mixed,1,2,idempotency,19,3,3,3,16,0.8,0.3,5,2,0,0,9,64,18343592,0,0,115945,477717,96,84241,348341,77,0,0,0,9,73462,18417456,0,passed,19,2,11,2
idempotency-srs-mixed,2,3,idempotency,16,3,3,3,16,0.8,0.3,5,2,0,0,1,1,147907,0,0,109,162,0,111,165,0,0,0,0,1,80,148001,0,passed,16,0,1,0
idempotency-srs-mixed,3,4,idempotency,20,3,3,3,16,0.8,0.3,5,2,0,0,8,52,17738425,0,0,91633,358089,41,68526,264630,47,0,0,0,8,56347,17795112,0,passed,20,1,11,1
idempotency-srs-mixed,4,5,idempotency,15,3,3,3,16,0.8,0.3,5,2,0,0,10,75,12745449,0,0,142679,563852,129,110571,446177,151,0,0,0,10,91093,12837069,0,passed,15,2,13,2
idempotency-srs-mixed,5,6,idempotency,14,3,3,3,16,0.8,0.3,5,2,0,0,1,1,131884,0,0,109,162,0,111,165,0,0,0,0,1,78,131974,0,passed,14,0,1,0
idempotency-srs-mixed,6,7,idempotency,20,3,3,3,16,0.8,0.3,5,2,0,0,16,168,109888146,0,0,566427,2598306,402,450544,2017424,193,0,0,0,16,357506,110246827,0,passed,20,1,19,1
idempotency-srs-mixed,7,8,idempotency,17,3,3,3,16,0.8,0.3,5,2,0,0,13,113,27697237,0,0,263221,1483869,249,210233,1152421,178,0,0,0,13,177500,27875618,0,passed,17,1,15,1
idempotency-srs-mixed,8,9,idempotency,16,3,3,3,16,0.8,0.3,5,2,0,0,1,1,151387,0,0,109,162,0,111,165,0,0,0,0,1,82,151485,0,passed,16,0,1,0
idempotency-srs-mixed,9,10,idempotency,22,3,3,3,16,0.8,0.3,5,2,0,0,1,1,233778,0,0,109,162,0,111,165,0,0,0,0,1,88,233881,0,passed,22,0,1,0
idempotency-srs-mixed,10,11,idempotency,15,3,3,3,16,0.8,0.3,5,2,0,0,11,90,12969003,0,0,208178,794249,225,162013,620433,211,0,0,0,11,133603,13103223,0,passed,15,2,14,2
idempotency-srs-mixed,11,12,idempotency,18,3,3,3,16,0.8,0.3,5,2,0,0,1,1,174968,0,0,109,162,0,111,165,0,0,0,0,1,77,175058,0,passed,18,0,1,0
idempotency-srs-mixed,12,13,idempotency,17,3,3,3,16,0.8,0.3,5,2,0,0,7,54,18927389,0,0,91361,415833,96,62871,288111,38,0,0,0,7,57238,18984968,0,passed,17,2,13,2
idempotency-srs-mixed,13,14,idempotency,22,3,3,3,16,0.8,0.3,5,2,0,0,1,1,232666,0,0,109,162,0,111,165,0,0,0,0,1,78,232757,0,passed,22,0,1,0
idempotency-srs-mixed,14,15,idempotency,23,3,3,3,16,0.8,0.3,5,2,0,0,11,101,48334262,0,0,194396,839081,294,149390,665865,126,0,0,0,11,124061,48458984,0,passed,23,3,16,3
idempotency-srs-mixed,15,16,idempotency,20,3,3,3,16,0.8,0.3,5,2,0,0,12,116,47870981,0,0,265487,1230208,188,200881,920423,133,0,0,0,12,166299,48038031,0,passed,20,1,17,1
idempotency-srs-mixed,16,17,idempotency,14,3,3,3,16,0.8,0.3,5,2,0,0,8,48,4843438,0,0,65138,247067,80,49296,189510,56,0,0,0,8,41806,4885583,0,passed,14,2,10,2
idempotency-srs-mixed,17,18,idempotency,16,3,3,3,16,0.8,0.3,5,2,0,0,1,1,155590,0,0,109,162,0,111,165,0,0,0,0,1,88,155693,0,passed,16,0,1,0
idempotency-srs-mixed,18,19,idempotency,18,3,3,3,16,0.8,0.3,5,2,0,0,9,93,29004592,0,0,211238,895234,100,152993,650706,112,0,0,0,9,127282,29132383,0,passed,18,2,18,2
idempotency-srs-mixed,19,20,idempotency,14,3,3,3,16,0.8,0.3,5,2,0,0,11,81,11422988,0,0,160192,715708,209,128085,574868,92,0,0,0,11,102575,11526165,0,passed,14,1,12,1
idempotency-srs-mixed,20,21,idempotency,16,3,3,3,16,0.8,0.3,5,2,0,0,1,1,158019,0,0,109,162,0,111,165,0,0,0,0,1,77,158111,0,passed,16,0,1,0
idempotency-srs-mixed,21,22,idempotency,26,3,3,3,16,0.8,0.3,5,2,0,0,1,1,304719,0,0,109,162,0,111,165,0,0,0,0,1,81,304814,0,passed,26,0,1,0
idempotency-srs-mixed,22,23,idempotency,25,3,3,3,16,0.8,0.3,5,2,0,0,11,109,101730690,0,0,294371,1362837,341,217427,987687,129,0,0,0,11,180406,101911825,0,passed,25,1,17,1
idempotency-srs-mixed,23,24,idempotency,25,3,3,3,16,0.8,0.3,5,2,0,0,7,47,28701324,0,0,61669,231631,57,43237,164774,36,0,0,0,7,38134,28739765,0,passed,25,4,11,4
idempotency-srs-mixed,24,25,idempotency,25,3,3,3,16,0.8,0.3,5,2,0,0,16,209,206565261,0,0,723479,3183446,661,555670,2439286,315,0,0,0,16,462620,207029222,0,passed,25,5,23,5
idempotency-srs-mixed,25,26,idempotency,15,3,3,3,16,0.8,0.3,5,2,0,0,1,1,149484,0,0,109,162,0,111,165,0,0,0,0,1,96,149595,0,passed,15,0,1,0
idempotency-srs-mixed,26,27,idempotency,24,3,3,3,16,0.8,0.3,5,2,0,0,1,1,269320,0,0,109,162,0,111,165,0,0,0,0,1,77,269416,0,passed,24,0,1,0
idempotency-srs-mixed,27,28,idempotency,21,3,3,3,16,0.8,0.3,5,2,0,0,1,1,242914,0,0,109,162,0,111,165,0,0,0,0,1,78,243008,0,passed,21,0,1,0
idempotency-srs-mixed,28,29,idempotency,18,3,3,3,16,0.8,0.3,5,2,0,0,10,97,31262587,0,0,191659,770012,119,139695,557324,135,0,0,0,10,118567,31381692,0,passed,18,2,15,2
idempotency-srs-mixed,29,30,idempotency,15,3,3,3,16,0.8,0.3,5,2,0,0,9,76,16621313,0,0,141234,519855,173,115307,426195,84,0,0,0,9,91607,16713375,0,passed,15,2,14,2
idempotency-srs-mixed,30,31,idempotency,21,3,3,3,16,0.8,0.3,5,2,0,0,9,76,37336098,0,0,179534,919428,130,133101,664082,110,0,0,0,9,117520,37454151,0,passed,21,1,14,1
idempotency-srs-mixed,31,32,idempotency,16,3,3,3,16,0.8,0.3,5,2,0,0,9,65,16262460,0,0,117501,480040,98,84279,348067,89,0,0,0,9,73378,16336250,0,passed,16,3,13,3
idempotency-srs-mixed,32,33,idempotency,21,3,3,3,16,0.8,0.3,5,2,0,0,1,1,218189,0,0,109,162,0,111,165,0,0,0,0,1,78,218281,0,passed,21,0,1,0
idempotency-srs-mixed,33,34,idempotency,23,3,3,3,16,0.8,0.3,5,2,0,0,6,27,8304964,0,0,28581,107273,45,20678,79162,17,0,0,0,6,17134,8322334,0,passed,23,1,7,1
idempotency-srs-mixed,34,35,idempotency,16,3,3,3,16,0.8,0.3,5,2,0,0,1,1,145219,0,0,109,162,0,111,165,0,0,0,0,1,78,145310,0,passed,16,0,1,0
idempotency-srs-mixed,35,36,idempotency,24,3,3,3,16,0.8,0.3,5,2,0,0,12,102,52867657,0,0,294905,1412066,163,240218,1136772,143,0,0,0,12,192175,53060626,0,passed,24,1,15,1
idempotency-srs-mixed,36,37,idempotency,22,3,3,3,16,0.8,0.3,5,2,0,0,1,1,231108,0,0,109,162,0,111,165,0,0,0,0,1,78,231199,0,passed,22,0,1,0
idempotency-srs-mixed,37,38,idempotency,14,3,3,3,16,0.8,0.3,5,2,0,0,8,49,8245669,0,0,69116,298494,40,50963,214193,53,0,0,0,8,43937,8289966,0,passed,14,2,10,2
idempotency-srs-mixed,38,39,idempotency,19,3,3,3,16,0.8,0.3,5,2,0,0,12,138,66640331,0,0,329520,1397466,269,236246,1009813,388,0,0,0,12,208446,66849529,0,passed,19,6,18,6
idempotency-srs-mixed,39,40,idempotency,17,3,3,3,16,0.8,0.3,5,2,0,0,7,42,5875792,0,0,50392,228171,22,36999,169358,22,0,0,0,7,32095,5908165,0,passed,17,4,12,4
idempotency-srs-mixed,40,41,idempotency,14,3,3,3,16,0.8,0.3,5,2,0,0,1,1,127705,0,0,109,162,0,111,165,0,0,0,0,1,83,127800,0,passed,14,0,1,0
idempotency-srs-mixed,41,42,idempotency,19,3,3,3,16,0.8,0.3,5,2,0,0,1,1,177155,0,0,109,162,4,111,165,0,0,0,0,1,90,177259,0,passed,19,0,1,0
idempotency-srs-mixed,42,43,idempotency,18,3,3,3,16,0.8,0.3,5,2,0,0,7,39,8914517,0,0,51111,236338,59,37492,176458,43,0,0,0,7,32172,8947000,0,passed,18,1,9,1
idempotency-srs-mixed,43,44,idempotency,20,3,3,3,16,0.8,0.3,5,2,0,0,7,50,17650305,0,0,56557,255280,48,41571,186246,20,0,0,0,7,36688,17687305,0,passed,20,4,11,4
idempotency-srs-mixed,44,45,idempotency,21,3,3,3,16,0.8,0.3,5,2,0,0,8,57,17944309,0,0,90670,372066,22,68107,282183,36,0,0,0,8,57338,18002052,0,passed,21,2,12,2
idempotency-srs-mixed,45,46,idempotency,20,3,3,3,16,0.8,0.3,5,2,0,0,9,53,16914405,0,0,85398,342969,34,69428,276016,41,0,0,0,9,56168,16971006,0,passed,20,1,10,1
idempotency-srs-mixed,46,47,idempotency,15,3,3,3,16,0.8,0.3,5,2,0,0,1,1,137689,0,0,109,162,0,111,165,0,0,0,0,1,78,137778,0,passed,15,0,1,0
idempotency-srs-mixed,47,48,idempotency,19,3,3,3,16,0.8,0.3,5,2,0,0,10,88,31789197,0,0,197340,848550,68,151741,647064,62,0,0,0,10,123310,31913089,0,passed,19,2,16,2
idempotency-srs-mixed,48,49,idempotency,20,3,3,3,16,0.8,0.3,5,2,0,0,8,44,6825551,0,0,46429,168154,34,36147,136804,9,0,0,0,8,29243,6855138,0,passed,20,1,9,1
idempotency-srs-mixed,49,50,idempotency,15,3,3,3,16,0.8,0.3,5,2,0,0,9,64,14960615,0,0,112680,499329,27,83117,361520,30,0,0,0,9,71827,15032875,0,passed,15,1,12,1
idempotency-srs-mixed,50,51,idempotency,19,3,3,3,16,0.8,0.3,5,2,0,0,1,1,182062,0,0,109,162,0,111,165,0,0,0,0,1,79,182155,0,passed,19,0,1,0
idempotency-srs-mixed,51,52,idempotency,17,3,3,3,16,0.8,0.3,5,2,0,0,1,1,177802,0,0,109,162,0,111,165,0,0,0,0,1,77,177892,0,passed,17,0,1,0
idempotency-srs-mixed,52,53,idempotency,15,3,3,3,16,0.8,0.3,5,2,0,0,4,17,1779388,0,0,10842,38268,14,7185,26287,8,0,0,0,4,6495,1786004,0,passed,15,2,6,2
idempotency-srs-mixed,53,54,idempotency,22,3,3,3,16,0.8,0.3,5,2,0,0,8,49,16979833,0,0,92618,405222,59,70512,310559,67,0,0,0,8,60227,17040452,0,passed,22,2,10,2
idempotency-srs-mixed,54,55,idempotency,21,3,3,3,16,0.8,0.3,5,2,0,0,10,88,42467274,0,0,204952,1059802,76,158570,800786,67,0,0,0,10,135346,42603222,0,passed,21,1,16,1
idempotency-srs-mixed,55,56,idempotency,20,3,3,3,16,0.8,0.3,5,2,0,0,9,61,20011640,0,0,111598,467150,57,84497,350908,60,0,0,0,9,71827,20083880,0,passed,20,3,12,3
idempotency-srs-mixed,56,57,idempotency,15,3,3,3,16,0.8,0.3,5,2,0,0,1,1,145344,0,0,109,162,0,111,165,0,0,0,0,1,78,145436,0,passed,15,0,1,0
idempotency-srs-mixed,57,58,idempotency,18,3,3,3,16,0.8,0.3,5,2,0,0,7,36,6426454,0,0,49573,183205,48,37399,139382,11,0,0,0,7,31155,6457899,0,passed,18,2,9,2
idempotency-srs-mixed,58,59,idempotency,14,3,3,3,16,0.8,0.3,5,2,0,0,9,75,15742369,0,0,168498,704512,48,122135,510421,76,0,0,0,9,104725,15847534,0,passed,14,2,14,2
idempotency-srs-mixed,59,60,idempotency,22,3,3,3,16,0.8,0.3,5,2,0,0,14,131,56814201,0,0,401729,2099536,187,322610,1671443,194,0,0,0,14,268685,57083952,0,passed,22,1,17,1
idempotency-srs-mixed,60,61,idempotency,23,3,3,3,16,0.8,0.3,5,2,0,0,13,182,191878362,0,0,575167,2535963,164,430258,1879786,145,0,0,0,13,357165,192236559,0,passed,23,1,23,1
idempotency-srs-mixed,61,62,idempotency,16,3,3,3,16,0.8,0.3,5,2,0,0,8,63,16166085,0,0,121844,487587,83,88055,347418,73,0,0,0,8,77074,16243557,0,passed,16,2,14,2
idempotency-srs-mixed,62,63,idempotency,25,3,3,3,16,0.8,0.3,5,2,0,0,16,211,239238262,0,0,954606,5431539,344,804955,4558745,374,0,0,0,16,667581,239907606,0,passed,25,1,24,1
idempotency-srs-mixed,63,64,idempotency,17,3,3,3,16,0.8,0.3,5,2,0,0,1,1,179731,0,0,109,162,0,111,165,0,0,0,0,1,88,179833,0,passed,17,0,1,0
idempotency-srs-mixed,64,65,idempotency,23,3,3,3,16,0.8,0.3,5,2,0,0,13,159,115759614,0,0,501979,2462043,188,375791,1809006,111,0,0,0,13,316415,116076950,0,passed,23,5,23,5
idempotency-srs-mixed,65,66,idempotency,15,3,3,3,16,0.8,0.3,5,2,0,0,12,90,16677447,0,0,179959,737284,95,138651,569611,79,0,0,0,12,112458,16790549,0,passed,15,2,13,2
idempotency-srs-mixed,66,67,idempotency,26,3,3,3,16,0.8,0.3,5,2,0,0,12,114,133469813,0,0,357987,2044388,152,298475,1693997,158,0,0,0,12,238634,133709401,0,passed,26,1,19,1
idempotency-srs-mixed,67,68,idempotency,17,3,3,3,16,0.8,0.3,5,2,0,0,10,66,9933054,0,0,98183,392899,47,76545,308153,42,0,0,0,10,62344,9995897,0,passed,17,1,11,1
idempotency-srs-mixed,68,69,idempotency,24,3,3,3,16,0.8,0.3,5,2,0,0,12,108,99436899,0,0,294362,1252890,136,237698,1002418,113,0,0,0,12,191469,99629129,0,passed,24,2,16,2
idempotency-srs-mixed,69,70,idempotency,17,3,3,3,16,0.8,0.3,5,2,0,0,10,92,39121561,0,0,204984,847429,100,151583,623579,102,0,0,0,10,126687,39248835,0,passed,17,2,16,2
idempotency-srs-mixed,70,71,idempotency,26,3,3,3,16,0.8,0.3,5,2,0,0,10,89,68121016,0,0,196729,874641,56,142513,630853,145,0,0,0,10,118317,68239834,0,passed,26,3,15,3
idempotency-srs-mixed,71,72,idempotency,24,3,3,3,16,0.8,0.3,5,2,0,0,7,60,36095522,0,0,95154,412019,118,64691,277449,52,0,0,0,7,58954,36154824,0,passed,24,3,14,3
idempotency-srs-mixed,72,73,idempotency,24,3,3,3,16,0.8,0.3,5,2,0,0,11,87,49627410,0,0,148129,567134,77,114895,438391,76,0,0,0,11,95109,49723096,0,passed,24,2,13,2
idempotency-srs-mixed,73,74,idempotency,21,3,3,3,16,0.8,0.3,5,2,0,0,10,89,23952006,0,0,216414,972258,268,165284,742067,220,0,0,0,10,138978,24091619,0,passed,21,2,16,2
idempotency-srs-mixed,74,75,idempotency,22,3,3,3,16,0.8,0.3,5,2,0,0,14,150,95962286,0,0,545907,2918913,293,447523,2344906,272,0,0,0,14,371495,96334997,0,passed,22,1,19,1
idempotency-srs-mixed,75,76,idempotency,23,3,3,3,16,0.8,0.3,5,2,0,0,10,108,84386511,0,0,282321,1231666,144,204696,895279,96,0,0,0,10,175517,84562698,0,passed,23,2,19,2
idempotency-srs-mixed,76,77,idempotency,20,3,3,3,16,0.8,0.3,5,2,0,0,1,1,203165,0,0,109,162,0,111,165,0,0,0,0,1,78,203263,0,passed,20,0,1,0
idempotency-srs-mixed,77,78,idempotency,18,3,3,3,16,0.8,0.3,5,2,0,0,10,86,24887423,0,0,158290,619153,126,113731,438778,127,0,0,0,10,98618,24986597,0,passed,18,2,14,2
idempotency-srs-mixed,78,79,idempotency,22,3,3,3,16,0.8,0.3,5,2,0,0,10,76,28050136,0,0,135887,586612,101,101056,442283,87,0,0,0,10,90279,28141001,0,passed,22,2,13,2
idempotency-srs-mixed,79,80,idempotency,24,3,3,3,16,0.8,0.3,5,2,0,0,11,87,86345738,0,0,206740,900430,372,166722,721912,148,0,0,0,11,136003,86482450,0,passed,24,1,14,1
idempotency-srs-mixed,80,81,idempotency,20,3,3,3,16,0.8,0.3,5,2,0,0,12,131,60307202,0,0,312879,1429635,195,236612,1063384,130,0,0,0,12,195967,60503976,0,passed,20,1,19,1
idempotency-srs-mixed,81,82,idempotency,23,3,3,3,16,0.8,0.3,5,2,0,0,12,100,65422835,0,0,276516,1264350,237,213451,961479,139,0,0,0,12,181611,65605320,0,passed,23,1,16,1
idempotency-srs-mixed,82,83,idempotency,24,3,3,3,16,0.8,0.3,5,2,0,0,11,132,135884562,0,0,384465,1613662,294,278894,1153531,151,0,0,0,11,241307,136126639,0,passed,24,1,21,1
idempotency-srs-mixed,83,84,idempotency,21,3,3,3,16,0.8,0.3,5,2,0,0,1,1,217562,0,0,109,162,0,111,165,0,0,0,0,1,83,217660,0,passed,21,0,1,0
idempotency-srs-mixed,84,85,idempotency,14,3,3,3,16,0.8,0.3,5,2,0,0,8,49,6829849,0,0,76710,310053,66,57253,231370,27,0,0,0,8,48014,6878219,0,passed,14,1,10,1
idempotency-srs-mixed,85,86,idempotency,25,3,3,3,16,0.8,0.3,5,2,0,0,8,60,37933568,0,0,95108,381824,98,69989,280408,55,0,0,0,8,58002,37991995,0,passed,25,1,12,1
idempotency-srs-mixed,86,87,idempotency,23,3,3,3,16,0.8,0.3,5,2,0,0,15,186,152287092,0,0,743509,3327697,562,592340,2636873,329,0,0,0,15,485829,152774198,0,passed,23,1,21,1
idempotency-srs-mixed,87,88,idempotency,23,3,3,3,16,0.8,0.3,5,2,0,0,13,164,96867874,0,0,481292,2445017,294,354880,1772203,200,0,0,0,13,318393,97187271,0,passed,23,4,22,4
idempotency-srs-mixed,88,89,idempotency,18,3,3,3,16,0.8,0.3,5,2,0,0,11,84,22800634,0,0,142749,594042,201,108767,443638,239,0,0,0,11,89752,22891021,0,passed,18,1,13,1
idempotency-srs-mixed,89,90,idempotency,22,3,3,3,16,0.8,0.3,5,2,0,0,14,184,135682226,0,0,528013,2342512,277,381567,1671400,212,0,0,0,14,336143,136019342,0,passed,22,4,21,4
idempotency-srs-mixed,90,91,idempotency,15,3,3,3,16,0.8,0.3,5,2,0,0,1,1,154101,0,0,109,162,0,111,165,0,0,0,0,1,86,154201,0,passed,15,0,1,0
idempotency-srs-mixed,91,92,idempotency,17,3,3,3,16,0.8,0.3,5,2,0,0,12,108,22624346,0,0,214845,978853,182,156685,712453,303,0,0,0,12,136378,22761448,0,passed,17,3,15,3
idempotency-srs-mixed,92,93,idempotency,17,3,3,3,16,0.8,0.3,5,2,0,0,7,35,4402897,0,0,42312,176850,54,31382,131919,51,0,0,0,7,26352,4429534,0,passed,17,1,8,1
idempotency-srs-mixed,93,94,idempotency,23,3,3,3,16,0.8,0.3,5,2,0,0,1,1,219737,0,0,109,162,0,111,165,0,0,0,0,1,79,219831,0,passed,23,0,1,0
idempotency-srs-mixed,94,95,idempotency,23,3,3,3,16,0.8,0.3,5,2,0,0,1,1,260991,0,0,109,162,0,111,165,0,0,0,0,1,77,261083,0,passed,23,0,1,0
idempotency-srs-mixed,95,96,idempotency,21,3,3,3,16,0.8,0.3,5,2,0,0,12,138,76847180,0,0,376297,2065110,167,288277,1508696,132,0,0,0,12,246925,77094971,0,passed,21,1,19,1
idempotency-srs-mixed,96,97,idempotency,15,3,3,3,16,0.8,0.3,5,2,0,0,1,1,132414,0,0,109,162,0,111,165,0,0,0,0,1,79,132507,0,passed,15,0,1,0
idempotency-srs-mixed,97,98,idempotency,16,3,3,3,16,0.8,0.3,5,2,0,0,1,1,160570,0,0,109,162,0,111,165,0,0,0,0,1,77,160666,0,passed,16,0,1,0
idempotency-srs-mixed,98,99,idempotency,15,3,3,3,16,0.8,0.3,5,2,0,0,7,52,7880885,0,0,84513,331067,40,59002,233560,19,0,0,0,7,51270,7932468,0,passed,15,2,13,2
idempotency-srs-mixed,99,100,idempotency,22,3,3,3,16,0.8,0.3,5,2,0,0,1,1,229886,0,0,109,162,0,111,165,0,0,0,0,1,77,229985,0,passed,22,0,1,0
idempotency-srs-mixed,100,101,idempotency,26,3,3,3,16,0.8,0.3,5,2,0,0,10,66,35163791,0,0,133839,656028,59,105409,512080,115,0,0,0,10,89533,35253883,0,passed,26,1,11,1
idempotency-srs-mixed,101,102,idempotency,14,3,3,3,16,0.8,0.3,5,2,0,0,1,1,123246,0,0,109,162,0,111,165,0,0,0,0,1,85,123346,0,passed,14,0,1,0
idempotency-srs-mixed,102,103,idempotency,18,3,3,3,16,0.8,0.3,5,2,0,0,12,110,20940796,0,0,260235,1218292,285,208332,980304,140,0,0,0,12,167638,21109288,0,passed,18,1,17,1
idempotency-srs-mixed,103,104,idempotency,21,3,3,3,16,0.8,0.3,5,2,0,0,1,1,215231,0,0,109,162,4,111,165,0,0,0,0,1,81,215325,0,passed,21,0,1,0
idempotency-srs-mixed,104,105,idempotency,15,3,3,3,16,0.8,0.3,5,2,0,0,1,1,143256,0,0,109,162,0,111,165,0,0,0,0,1,92,143364,0,passed,15,0,1,0
idempotency-srs-mixed,105,106,idempotency,17,3,3,3,16,0.8,0.3,5,2,0,0,9,67,23466655,0,0,130399,533075,154,99683,404165,49,0,0,0,9,84880,23552042,0,passed,17,2,13,2
idempotency-srs-mixed,106,107,idempotency,14,3,3,3,16,0.8,0.3,5,2,0,0,8,52,8053219,0,0,78176,364148,60,55903,258740,59,0,0,0,8,50513,8104112,0,passed,14,2,10,2
idempotency-srs-mixed,107,108,idempotency,22,3,3,3,16,0.8,0.3,5,2,0,0,4,17,6130760,0,0,12471,46660,3,8651,32711,31,0,0,0,4,7551,6138449,0,passed,22,1,7,1
idempotency-srs-mixed,108,109,idempotency,22,3,3,3,16,0.8,0.3,5,2,0,0,13,127,36183538,0,0,257609,1032805,169,208538,847365,421,0,0,0,13,168153,36352514,0,passed,22,7,21,7
idempotency-srs-mixed,109,110,idempotency,22,3,3,3,16,0.8,0.3,5,2,0,0,1,1,216000,0,0,109,162,0,111,165,0,0,0,0,1,84,216099,0,passed,22,0,1,0
idempotency-srs-mixed,110,111,idempotency,17,3,3,3,16,0.8,0.3,5,2,0,0,8,55,14981425,0,0,92181,338916,58,64998,239723,167,0,0,0,8,55937,15037738,0,passed,17,2,11,2
idempotency-srs-mixed,111,112,idempotency,18,3,3,3,16,0.8,0.3,5,2,0,0,1,1,176300,0,0,109,162,0,111,165,0,0,0,0,1,79,176393,0,passed,18,0,1,0
idempotency-srs-mixed,112,113,idempotency,15,3,3,3,16,0.8,0.3,5,2,0,0,1,1,140626,0,0,109,162,0,111,165,0,0,0,0,1,77,140716,0,passed,15,0,1,0
idempotency-srs-mixed,113,114,idempotency,16,3,3,3,16,0.8,0.3,5,2,0,0,8,72,18621313,0,0,140050,695973,96,99117,485720,65,0,0,0,8,89269,18710991,0,passed,16,3,16,3
idempotency-srs-mixed,114,115,idempotency,23,3,3,3,16,0.8,0.3,5,2,0,0,1,1,243830,0,0,109,162,0,111,165,0,0,0,0,1,77,243923,0,passed,23,0,1,0
idempotency-srs-mixed,115,116,idempotency,14,3,3,3,16,0.8,0.3,5,2,0,0,1,1,139230,0,0,109,162,0,111,165,0,0,0,0,1,80,139326,0,passed,14,0,1,0
idempotency-srs-mixed,116,117,idempotency,26,3,3,3,16,0.8,0.3,5,2,0,0,13,164,230026574,0,0,516824,2230453,402,376660,1599437,234,0,0,0,13,315259,230342904,0,passed,26,2,22,2
idempotency-srs-mixed,117,118,idempotency,26,3,3,3,16,0.8,0.3,5,2,0,0,14,158,131803958,0,0,421561,1995663,382,321368,1492435,170,0,0,0,14,269711,132074733,0,passed,26,2,19,2
idempotency-srs-mixed,118,119,idempotency,26,3,3,3,16,0.8,0.3,5,2,0,0,15,236,294096141,0,0,848771,5167304,453,624343,3706124,363,0,0,0,15,568648,294666284,0,passed,26,3,25,3
idempotency-srs-mixed,119,120,idempotency,16,3,3,3,16,0.8,0.3,5,2,0,0,8,54,11190332,0,0,83841,298337,151,64518,227995,42,0,0,0,8,53445,11244181,0,passed,16,1,11,1
idempotency-srs-mixed,120,121,idempotency,26,3,3,3,16,0.8,0.3,5,2,0,0,10,79,35167621,0,0,129997,608814,167,94016,427422,208,0,0,0,10,82589,35250747,0,passed,26,1,13,1
idempotency-srs-mixed,121,122,idempotency,17,3,3,3,16,0.8,0.3,5,2,0,0,9,75,20200483,0,0,136574,542037,139,97172,383695,71,0,0,0,9,85602,20286567,0,passed,17,3,14,3
idempotency-srs-mixed,122,123,idempotency,20,3,3,3,16,0.8,0.3,5,2,0,0,11,95,34712946,0,0,223759,975828,169,170704,738673,92,0,0,0,11,141135,34854723,0,passed,20,2,15,2
idempotency-srs-mixed,123,124,idempotency,23,3,3,3,16,0.8,0.3,5,2,0,0,1,1,252535,0,0,109,162,0,111,165,0,0,0,0,1,79,252630,0,passed,23,0,1,0
idempotency-srs-mixed,124,125,idempotency,20,3,3,3,16,0.8,0.3,5,2,0,0,1,1,210346,0,0,109,162,0,111,165,0,0,0,0,1,78,210440,0,passed,20,0,1,0
idempotency-srs-mixed,125,126,idempotency,18,3,3,3,16,0.8,0.3,5,2,0,0,1,1,165009,0,0,109,162,0,111,165,0,0,0,0,1,78,165103,0,passed,18,0,1,0
idempotency-srs-mixed,126,127,idempotency,23,3,3,3,16,0.8,0.3,5,2,0,0,1,1,273225,0,0,109,162,0,111,165,0,0,0,0,1,77,273321,0,passed,23,0,1,0
idempotency-srs-mixed,127,128,idempotency,15,3,3,3,16,0.8,0.3,5,2,0,0,1,1,140901,0,0,109,162,0,111,165,0,0,0,0,1,77,140994,0,passed,15,0,1,0
idempotency-srs-mixed,128,129,idempotency,20,3,3,3,16,0.8,0.3,5,2,0,0,11,117,48518387,0,0,287221,1280371,194,236826,1053236,214,0,0,0,11,188948,48708149,0,passed,20,1,17,1
idempotency-srs-mixed,129,130,idempotency,18,3,3,3,16,0.8,0.3,5,2,0,0,11,110,40548870,0,0,237386,993518,316,173950,714634,133,0,0,0,11,145650,40695230,0,passed,18,1,16,1
idempotency-srs-mixed,130,131,idempotency,25,3,3,3,16,0.8,0.3,5,2,0,0,10,74,41394435,0,0,128300,574842,120,94564,422049,78,0,0,0,10,81983,41476943,0,passed,25,2,12,2
idempotency-srs-mixed,131,132,idempotency,22,3,3,3,16,0.8,0.3,5,2,0,0,10,85,55387296,0,0,155530,773892,211,118295,587004,50,0,0,0,10,98042,55485977,0,passed,22,1,14,1
idempotency-srs-mixed,132,133,idempotency,23,3,3,3,16,0.8,0.3,5,2,0,0,15,184,144539416,0,0,734997,3130121,367,576933,2456255,284,0,0,0,15,472447,145013066,0,passed,23,6,21,6
idempotency-srs-mixed,133,134,idempotency,20,3,3,3,16,0.8,0.3,5,2,0,0,1,1,219537,0,0,109,162,0,111,165,0,0,0,0,1,81,219635,0,passed,20,0,1,0
idempotency-srs-mixed,134,135,idempotency,23,3,3,3,16,0.8,0.3,5,2,0,0,1,1,258456,0,0,109,162,0,111,165,0,0,0,0,1,76,258546,0,passed,23,0,1,0
idempotency-srs-mixed,135,136,idempotency,14,3,3,3,16,0.8,0.3,5,2,0,0,11,77,8495920,0,0,177258,688555,151,143228,551457,126,0,0,0,11,117359,8613901,0,passed,14,1,12,1
idempotency-srs-mixed,136,137,idempotency,22,3,3,3,16,0.8,0.3,5,2,0,0,1,1,230569,0,0,109,162,4,111,165,0,0,0,0,1,82,230667,0,passed,22,0,1,0
idempotency-srs-mixed,137,138,idempotency,23,3,3,3,16,0.8,0.3,5,2,0,0,9,56,26405756,0,0,85762,338816,86,66811,259557,98,0,0,0,9,55982,26462179,0,passed,23,1,10,1
idempotency-srs-mixed,138,139,idempotency,18,3,3,3,16,0.8,0.3,5,2,0,0,1,1,168936,0,0,109,162,0,111,165,0,0,0,0,1,83,169033,0,passed,18,0,1,0
idempotency-srs-mixed,139,140,idempotency,15,3,3,3,16,0.8,0.3,5,2,0,0,3,9,733952,0,0,4156,13091,0,2730,8956,3,0,0,0,3,2456,736491,0,passed,15,1,4,1
idempotency-srs-mixed,140,141,idempotency,17,3,3,3,16,0.8,0.3,5,2,0,0,1,1,157616,0,0,109,162,0,111,165,0,0,0,0,1,82,157714,0,passed,17,0,1,0
idempotency-srs-mixed,141,142,idempotency,18,3,3,3,16,0.8,0.3,5,2,0,0,11,104,31651076,0,0,218037,899847,193,158548,641604,131,0,0,0,11,132734,31784535,0,passed,18,1,15,1
idempotency-srs-mixed,142,143,idempotency,20,3,3,3,16,0.8,0.3,5,2,0,0,1,1,203469,0,0,109,162,0,111,165,0,0,0,0,1,79,203563,0,passed,20,0,1,0
idempotency-srs-mixed,143,144,idempotency,20,3,3,3,16,0.8,0.3,5,2,0,0,1,1,204492,0,0,109,162,0,111,165,0,0,0,0,1,76,204584,0,passed,20,0,1,0
idempotency-srs-mixed,144,145,idempotency,17,3,3,3,16,0.8,0.3,5,2,0,0,11,86,14562407,0,0,173684,718318,114,132250,558085,89,0,0,0,11,109642,14672710,0,passed,17,3,14,3
idempotency-srs-mixed,145,146,idempotency,20,3,3,3,16,0.8,0.3,5,2,0,0,11,97,45650885,0,0,212909,928287,190,163407,705367,116,0,0,0,11,137145,45788724,0,passed,20,2,15,2
idempotency-srs-mixed,146,147,idempotency,19,3,3,3,16,0.8,0.3,5,2,0,0,1,1,193661,0,0,109,162,0,111,165,0,0,0,0,1,78,193758,0,passed,19,0,1,0
idempotency-srs-mixed,147,148,idempotency,23,3,3,3,16,0.8,0.3,5,2,0,0,9,74,34749706,0,0,134978,588994,242,97199,431076,150,0,0,0,9,79057,34829268,0,passed,23,3,14,3
idempotency-srs-mixed,148,149,idempotency,15,3,3,3,16,0.8,0.3,5,2,0,0,1,1,148354,0,0,109,162,0,111,165,0,0,0,0,1,80,148448,0,passed,15,0,1,0
idempotency-srs-mixed,149,150,idempotency,19,3,3,3,16,0.8,0.3,5,2,0,0,12,116,37862699,0,0,281078,1156622,162,209046,873511,279,0,0,0,12,176028,38039489,0,passed,19,2,16,2
idempotency-srs-mixed,150,151,idempotency,14,3,3,3,16,0.8,0.3,5,2,0,0,1,1,145696,0,0,109,162,0,111,165,0,0,0,0,1,89,145799,0,passed,14,0,1,0
idempotency-srs-mixed,151,152,idempotency,19,3,3,3,16,0.8,0.3,5,2,0,0,1,1,194724,0,0,109,162,0,111,165,0,0,0,0,1,93,194833,0,passed,19,0,1,0
idempotency-srs-mixed,152,153,idempotency,17,3,3,3,16,0.8,0.3,5,2,0,0,1,1,164404,0,0,109,162,0,111,165,0,0,0,0,1,88,164507,0,passed,17,0,1,0
idempotency-srs-mixed,153,154,idempotency,24,3,3,3,16,0.8,0.3,5,2,0,0,1,1,275123,0,0,109,162,0,111,165,0,0,0,0,1,85,275237,0,passed,24,0,1,0
idempotency-srs-mixed,154,155,idempotency,25,3,3,3,16,0.8,0.3,5,2,0,0,15,195,185740008,0,0,713051,3770693,503,563116,2985743,311,0,0,0,15,477909,186219320,0,passed,25,6,23,5
idempotency-srs-mixed,155,156,idempotency,20,3,3,3,16,0.8,0.3,5,2,0,0,5,19,3131401,0,0,15128,47507,78,11050,33466,14,0,0,0,5,9482,3141044,0,passed,20,1,6,1
idempotency-srs-mixed,156,157,idempotency,14,3,3,3,16,0.8,0.3,5,2,0,0,1,1,142045,0,0,109,162,1,111,165,0,0,0,0,1,83,142144,0,passed,14,0,1,0
idempotency-srs-mixed,157,158,idempotency,23,3,3,3,16,0.8,0.3,5,2,0,0,1,1,237721,0,0,109,162,0,111,165,0,0,0,0,1,83,237820,0,passed,23,0,1,0
idempotency-srs-mixed,158,159,idempotency,15,3,3,3,16,0.8,0.3,5,2,0,0,7,39,4311040,0,0,40782,141545,47,29553,107657,22,0,0,0,7,24690,4336016,0,passed,15,4,10,4
idempotency-srs-mixed,159,160,idempotency,24,3,3,3,16,0.8,0.3,5,2,0,0,8,58,27360129,0,0,84395,350544,84,61760,257587,81,0,0,0,8,51509,27412036,0,passed,24,1,13,1
idempotency-srs-mixed,160,161,idempotency,23,3,3,3,16,0.8,0.3,5,2,0,0,12,111,90266945,0,0,321955,1497664,296,245018,1153645,99,0,0,0,12,205121,90472799,0,passed,23,4,17,4
idempotency-srs-mixed,161,162,idempotency,20,3,3,3,16,0.8,0.3,5,2,0,0,1,1,203136,0,0,109,162,0,111,165,0,0,0,0,1,93,203244,0,passed,20,0,1,0
idempotency-srs-mixed,162,163,idempotency,19,3,3,3,16,0.8,0.3,5,2,0,0,8,67,22686375,0,0,116284,488912,124,79906,329868,47,0,0,0,8,72682,22759461,0,passed,19,2,14,2
idempotency-srs-mixed,163,164,idempotency,25,3,3,3,16,0.8,0.3,5,2,0,0,6,29,9194581,0,0,42246,143655,41,32236,108769,29,0,0,0,6,26752,9221568,0,passed,25,1,8,1
idempotency-srs-mixed,164,165,idempotency,20,3,3,3,16,0.8,0.3,5,2,0,0,12,98,53394309,0,0,252791,1175041,311,201186,922015,96,0,0,0,12,166766,53561816,0,passed,20,2,15,2
idempotency-srs-mixed,165,166,idempotency,26,3,3,3,16,0.8,0.3,5,2,0,0,12,107,126639244,0,0,250824,1076662,186,196781,831509,167,0,0,0,12,159559,126799569,0,passed,26,1,16,1
idempotency-srs-mixed,166,167,idempotency,21,3,3,3,16,0.8,0.3,5,2,0,0,1,1,222670,0,0,109,162,0,111,165,0,0,0,0,1,78,222763,0,passed,21,0,1,0
idempotency-srs-mixed,167,168,idempotency,24,3,3,3,16,0.8,0.3,5,2,0,0,1,1,245352,0,0,109,162,0,111,165,0,0,0,0,1,78,245450,0,passed,24,0,1,0
idempotency-srs-mixed,168,169,idempotency,22,3,3,3,16,0.8,0.3,5,2,0,0,7,44,20315928,0,0,55300,185359,52,40111,132422,144,0,0,0,7,33788,20350012,0,passed,22,2,10,2
idempotency-srs-mixed,169,170,idempotency,24,3,3,3,16,0.8,0.3,5,2,0,0,16,179,192048336,0,0,732992,3725893,536,597954,3034389,597,0,0,0,16,490527,192540451,0,passed,24,1,20,1
idempotency-srs-mixed,170,171,idempotency,15,3,3,3,16,0.8,0.3,5,2,0,0,1,1,157398,0,0,109,162,0,111,165,0,0,0,0,1,79,157493,0,passed,15,0,1,0
idempotency-srs-mixed,171,172,idempotency,24,3,3,3,16,0.8,0.3,5,2,0,0,14,159,130977633,0,0,565442,2613575,229,446589,2060159,367,0,0,0,14,343843,131322565,0,passed,24,1,20,1
idempotency-srs-mixed,172,173,idempotency,17,3,3,3,16,0.8,0.3,5,2,0,0,8,61,17237870,0,0,121164,522870,96,86845,361769,75,0,0,0,8,77456,17315713,0,passed,17,1,12,1
idempotency-srs-mixed,173,174,idempotency,17,3,3,3,16,0.8,0.3,5,2,0,0,10,105,30243722,0,0,213217,862609,116,155792,619263,151,0,0,0,10,127551,30371868,0,passed,17,1,17,1
idempotency-srs-mixed,174,175,idempotency,19,3,3,3,16,0.8,0.3,5,2,0,0,10,80,30972648,0,0,172498,714795,122,124562,507314,51,0,0,0,10,105480,31078705,0,passed,19,1,14,1
idempotency-srs-mixed,175,176,idempotency,18,3,3,3,16,0.8,0.3,5,2,0,0,10,93,29888137,0,0,207858,1002483,186,153799,756934,107,0,0,0,10,135256,30023991,0,passed,18,4,16,4
idempotency-srs-mixed,176,177,idempotency,25,3,3,3,16,0.8,0.3,5,2,0,0,1,1,289345,0,0,109,162,0,111,165,0,0,0,0,1,79,289439,0,passed,25,0,1,0
idempotency-srs-mixed,177,178,idempotency,24,3,3,3,16,0.8,0.3,5,2,0,0,11,96,42179531,0,0,322075,1848117,426,250947,1442763,122,0,0,0,11,215500,42395849,0,passed,24,1,15,1
idempotency-srs-mixed,178,179,idempotency,22,3,3,3,16,0.8,0.3,5,2,0,0,1,1,246502,0,0,109,162,0,111,165,0,0,0,0,1,80,246598,0,passed,22,0,1,0
idempotency-srs-mixed,179,180,idempotency,17,3,3,3,16,0.8,0.3,5,2,0,0,1,1,163400,0,0,109,162,9,111,165,0,0,0,0,1,84,163498,0,passed,17,0,1,0
idempotency-srs-mixed,180,181,idempotency,14,3,3,3,16,0.8,0.3,5,2,0,0,1,1,134496,0,0,109,162,0,111,165,0,0,0,0,1,78,134590,0,passed,14,0,1,0
idempotency-srs-mixed,181,182,idempotency,24,3,3,3,16,0.8,0.3,5,2,0,0,17,209,173008253,0,0,917401,4552253,701,743536,3654569,390,0,0,0,17,607099,173617236,0,passed,24,2,23,2
idempotency-srs-mixed,182,183,idempotency,20,3,3,3,16,0.8,0.3,5,2,0,0,16,174,91207480,0,0,563261,2534437,342,454458,2034660,234,0,0,0,16,361365,91570254,0,passed,20,1,19,1
idempotency-srs-mixed,183,184,idempotency,20,3,3,3,16,0.8,0.3,5,2,0,0,1,1,205614,0,0,109,162,5,111,165,0,0,0,0,1,83,205712,0,passed,20,0,1,0
idempotency-srs-mixed,184,185,idempotency,25,3,3,3,16,0.8,0.3,5,2,0,0,1,1,315685,0,0,109,162,0,111,165,0,0,0,0,1,81,315783,0,passed,25,0,1,0
idempotency-srs-mixed,185,186,idempotency,20,3,3,3,16,0.8,0.3,5,2,0,0,11,87,31162145,0,0,142889,566606,156,111989,445365,102,0,0,0,11,88444,31251259,0,passed,20,1,13,1
idempotency-srs-mixed,186,187,idempotency,17,3,3,3,16,0.8,0.3,5,2,0,0,11,90,13943486,0,0,183701,813783,225,137206,614380,96,0,0,0,11,118695,14062763,0,passed,17,4,15,4
idempotency-srs-mixed,187,188,idempotency,16,3,3,3,16,0.8,0.3,5,2,0,0,1,1,144645,0,0,109,162,0,111,165,0,0,0,0,1,82,144741,0,passed,16,0,1,0
idempotency-srs-mixed,188,189,idempotency,23,3,3,3,16,0.8,0.3,5,2,0,0,1,1,268427,0,0,109,162,0,111,165,0,0,0,0,1,82,268523,0,passed,23,0,1,0
idempotency-srs-mixed,189,190,idempotency,16,3,3,3,16,0.8,0.3,5,2,0,0,1,1,148652,0,0,109,162,0,111,165,0,0,0,0,1,77,148744,0,passed,16,0,1,0
idempotency-srs-mixed,190,191,idempotency,14,3,3,3,16,0.8,0.3,5,2,0,0,9,58,8131244,0,0,102153,405587,75,79165,312926,45,0,0,0,9,64941,8196639,0,passed,14,1,11,1
idempotency-srs-mixed,191,192,idempotency,25,3,3,3,16,0.8,0.3,5,2,0,0,1,1,290034,0,0,109,162,0,111,165,0,0,0,0,1,81,290130,0,passed,25,0,1,0
idempotency-srs-mixed,192,193,idempotency,20,3,3,3,16,0.8,0.3,5,2,0,0,1,1,214362,0,0,109,162,0,111,165,0,0,0,0,1,81,214458,0,passed,20,0,1,0
idempotency-srs-mixed,193,194,idempotency,23,3,3,3,16,0.8,0.3,5,2,0,0,1,1,258845,0,0,109,162,4,111,165,0,0,0,0,1,90,258951,0,passed,23,0,1,0
idempotency-srs-mixed,194,195,idempotency,25,3,3,3,16,0.8,0.3,5,2,0,0,11,103,68177112,0,0,237996,1136796,339,174779,822262,290,0,0,0,11,147946,68325728,0,passed,25,1,16,1
idempotency-srs-mixed,195,196,idempotency,19,3,3,3,16,0.8,0.3,5,2,0,0,1,1,183182,0,0,109,162,0,111,165,0,0,0,0,1,79,183276,0,passed,19,0,1,0
idempotency-srs-mixed,196,197,idempotency,20,3,3,3,16,0.8,0.3,5,2,0,0,11,73,17860414,0,0,154247,630369,45,125550,504622,122,0,0,0,11,99953,17960952,0,passed,20,1,13,1
idempotency-srs-mixed,197,198,idempotency,23,3,3,3,16,0.8,0.3,5,2,0,0,9,82,36801280,0,0,163930,950630,139,122052,698496,67,0,0,0,9,110168,36912009,0,passed,23,3,16,3
idempotency-srs-mixed,198,199,idempotency,25,3,3,3,16,0.8,0.3,5,2,0,0,9,62,30302304,0,0,105234,408457,38,78921,300671,23,0,0,0,9,67444,30370174,0,passed,25,3,12,3
idempotency-srs-mixed,199,200,idempotency,21,3,3,3,16,0.8,0.3,5,2,0,0,8,55,20739213,0,0,90123,360692,50,64369,260656,55,0,0,0,8,56400,20795990,0,passed,21,2,11,2
idempotency-srs-mixed,200,201,idempotency,19,3,3,3,16,0.8,0.3,5,2,0,0,1,1,188011,0,0,109,162,0,111,165,0,0,0,0,1,78,188105,0,passed,19,0,1,0
idempotency-srs-mixed,201,202,idempotency,24,3,3,3,16,0.8,0.3,5,2,0,0,1,1,283647,0,0,109,162,0,111,165,0,0,0,0,1,78,283740,0,passed,24,0,1,0
idempotency-srs-mixed,202,203,idempotency,21,3,3,3,16,0.8,0.3,5,2,0,0,1,1,231596,0,0,109,162,0,111,165,0,0,0,0,1,76,231687,0,passed,21,0,1,0
idempotency-srs-mixed,203,204,idempotency,16,3,3,3,16,0.8,0.3,5,2,0,0,1,1,151387,0,0,109,162,0,111,165,0,0,0,0,1,76,151488,0,passed,16,0,1,0
idempotency-srs-mixed,204,205,idempotency,25,3,3,3,16,0.8,0.3,5,2,0,0,5,24,9947773,0,0,19807,67928,3,14081,48749,13,0,0,0,5,12173,9960132,0,passed,25,1,7,1
idempotency-srs-mixed,205,206,idempotency,24,3,3,3,16,0.8,0.3,5,2,0,0,10,104,84813749,0,0,201131,853231,187,147095,610850,87,0,0,0,10,130058,84944463,0,passed,24,4,17,4
idempotency-srs-mixed,206,207,idempotency,15,3,3,3,16,0.8,0.3,5,2,0,0,7,46,7461113,0,0,69135,276959,57,50040,200686,29,0,0,0,7,43718,7505143,0,passed,15,1,11,1
idempotency-srs-mixed,207,208,idempotency,24,3,3,3,16,0.8,0.3,5,2,0,0,1,1,250386,0,0,109,162,0,111,165,0,0,0,0,1,79,250482,0,passed,24,0,1,0
idempotency-srs-mixed,208,209,idempotency,20,3,3,3,16,0.8,0.3,5,2,0,0,13,127,47480193,0,0,399750,1866970,226,319610,1478653,141,0,0,0,13,267610,47748804,0,passed,20,1,18,1
idempotency-srs-mixed,209,210,idempotency,14,3,3,3,16,0.8,0.3,5,2,0,0,11,80,6664846,0,0,151930,558787,125,114714,429953,131,0,0,0,11,88154,6753593,0,passed,14,3,12,2
idempotency-srs-mixed,210,211,idempotency,18,3,3,3,16,0.8,0.3,5,2,0,0,1,1,162805,0,0,109,162,0,111,165,0,0,0,0,1,80,162899,0,passed,18,0,1,0
idempotency-srs-mixed,211,212,idempotency,18,3,3,3,16,0.8,0.3,5,2,0,0,1,1,173123,0,0,109,162,0,111,165,0,0,0,0,1,78,173217,0,passed,18,0,1,0
idempotency-srs-mixed,212,213,idempotency,20,3,3,3,16,0.8,0.3,5,2,0,0,15,143,79923966,0,0,458811,2157403,278,351626,1635834,203,0,0,0,15,291799,80216872,0,passed,20,1,17,1
idempotency-srs-mixed,213,214,idempotency,25,3,3,3,16,0.8,0.3,5,2,0,0,10,113,113329217,0,0,322188,1695517,237,221296,1136573,144,0,0,0,10,207679,113537560,0,passed,25,4,20,4
idempotency-srs-mixed,214,215,idempotency,18,3,3,3,16,0.8,0.3,5,2,0,0,1,1,182475,0,0,109,162,0,111,165,0,0,0,0,1,78,182568,0,passed,18,0,1,0
idempotency-srs-mixed,215,216,idempotency,18,3,3,3,16,0.8,0.3,5,2,0,0,6,40,9265847,0,0,58063,237408,26,42450,171062,59,0,0,0,6,35410,9301505,0,passed,18,3,13,1
idempotency-srs-mixed,216,217,idempotency,26,3,3,3,16,0.8,0.3,5,2,0,0,13,143,265613398,0,0,453561,2047825,382,349678,1576205,161,0,0,0,13,291595,265905929,0,passed,26,2,19,2
idempotency-srs-mixed,217,218,idempotency,25,3,3,3,16,0.8,0.3,5,2,0,0,12,139,148662929,0,0,488617,2544361,223,371816,1915503,169,0,0,0,12,330016,148993997,0,passed,25,1,19,1
idempotency-srs-mixed,218,219,idempotency,16,3,3,3,16,0.8,0.3,5,2,0,0,1,1,165287,0,0,109,162,0,111,165,0,0,0,0,1,83,165386,0,passed,16,0,1,0
idempotency-srs-mixed,219,220,idempotency,26,3,3,3,16,0.8,0.3,5,2,0,0,12,139,183021566,0,0,421465,1950417,270,354188,1634883,172,0,0,0,12,283724,183306162,0,passed,26,2,23,2
idempotency-srs-mixed,220,221,idempotency,19,3,3,3,16,0.8,0.3,5,2,0,0,8,85,27266454,0,0,142093,558268,135,125527,503904,118,0,0,0,8,95246,27362134,0,passed,19,4,17,4
idempotency-srs-mixed,221,222,idempotency,25,3,3,3,16,0.8,0.3,5,2,0,0,11,129,97458977,0,0,269037,1050284,331,237690,947655,149,0,0,0,11,175347,97635060,0,passed,25,3,19,3
idempotency-srs-mixed,222,223,idempotency,14,3,3,3,16,0.8,0.3,5,2,0,0,1,1,138207,0,0,109,162,0,111,165,0,0,0,0,1,79,138303,0,passed,14,0,1,0
idempotency-srs-mixed,223,224,idempotency,20,3,3,3,16,0.8,0.3,5,2,0,0,10,102,45577235,0,0,240461,1059557,140,178349,772963,289,0,0,0,10,141008,45718852,0,passed,20,1,17,1
idempotency-srs-mixed,224,225,idempotency,16,3,3,3,16,0.8,0.3,5,2,0,0,9,82,21934049,0,0,156574,679565,138,114584,490306,102,0,0,0,9,99919,22034479,0,passed,16,1,14,1
idempotency-srs-mixed,225,226,idempotency,20,3,3,3,16,0.8,0.3,5,2,0,0,1,1,207780,0,0,109,162,0,111,165,0,0,0,0,1,78,207877,0,passed,20,0,1,0
idempotency-srs-mixed,226,227,idempotency,24,3,3,3,16,0.8,0.3,5,2,0,0,13,142,108272514,0,0,469592,2266991,374,372897,1818375,270,0,0,0,13,323922,108597560,0,passed,24,4,20,4
idempotency-srs-mixed,227,228,idempotency,22,3,3,3,16,0.8,0.3,5,2,0,0,11,113,98979403,0,0,342113,1703799,202,269499,1310712,189,0,0,0,11,234281,99214452,0,passed,22,1,21,1
idempotency-srs-mixed,228,229,idempotency,21,3,3,3,16,0.8,0.3,5,2,0,0,12,147,123079745,0,0,454003,2222187,413,343715,1660018,249,0,0,0,12,291631,123372319,0,passed,21,2,21,2
idempotency-srs-mixed,229,230,idempotency,15,3,3,3,16,0.8,0.3,5,2,0,0,4,15,1203531,0,0,6958,22526,13,5140,18182,0,0,0,0,4,4340,1207987,0,passed,15,3,6,3
idempotency-srs-mixed,230,231,idempotency,19,3,3,3,16,0.8,0.3,5,2,0,0,7,39,8884744,0,0,52389,197156,54,38015,146586,27,0,0,0,7,27313,8912355,0,passed,19,2,9,2
idempotency-srs-mixed,231,232,idempotency,14,3,3,3,16,0.8,0.3,5,2,0,0,1,1,135095,0,0,109,162,0,111,165,0,0,0,0,1,79,135190,0,passed,14,0,1,0
idempotency-srs-mixed,232,233,idempotency,20,3,3,3,16,0.8,0.3,5,2,0,0,8,44,13880972,0,0,67071,233006,82,51559,177456,41,0,0,0,8,37325,13918654,0,passed,20,1,9,1
idempotency-srs-mixed,233,234,idempotency,19,3,3,3,16,0.8,0.3,5,2,0,0,10,86,26117202,0,0,168118,634176,248,116374,434315,170,0,0,0,10,104155,26221882,0,passed,19,4,14,4
idempotency-srs-mixed,234,235,idempotency,15,3,3,3,16,0.8,0.3,5,2,0,0,8,48,7326727,0,0,72638,274062,60,54031,200656,103,0,0,0,8,45633,7372718,0,passed,15,1,10,1
idempotency-srs-mixed,235,236,idempotency,22,3,3,3,16,0.8,0.3,5,2,0,0,10,73,41991622,0,0,144936,567900,227,111343,433101,138,0,0,0,10,92067,42084221,0,passed,22,1,12,1
idempotency-srs-mixed,236,237,idempotency,14,3,3,3,16,0.8,0.3,5,2,0,0,9,54,6540961,0,0,82532,342120,131,63495,266323,89,0,0,0,9,54930,6596373,0,passed,14,1,10,1
idempotency-srs-mixed,237,238,idempotency,14,3,3,3,16,0.8,0.3,5,2,0,0,1,1,143937,0,0,109,162,0,111,165,0,0,0,0,1,83,144033,0,passed,14,0,1,0
idempotency-srs-mixed,238,239,idempotency,14,3,3,3,16,0.8,0.3,5,2,0,0,8,53,6771793,0,0,74112,293383,115,55158,219149,75,0,0,0,8,45653,6817812,0,passed,14,1,10,1
idempotency-srs-mixed,239,240,idempotency,24,3,3,3,16,0.8,0.3,5,2,0,0,10,66,26041278,0,0,104541,410959,139,77681,311856,89,0,0,0,10,65295,26107058,0,passed,24,4,11,4
idempotency-srs-mixed,240,241,idempotency,19,3,3,3,16,0.8,0.3,5,2,0,0,1,1,190516,0,0,109,162,0,111,165,0,0,0,0,1,79,190611,0,passed,19,0,1,0
idempotency-srs-mixed,241,242,idempotency,24,3,3,3,16,0.8,0.3,5,2,0,0,16,207,148382943,0,0,761250,5113214,721,588440,3922333,587,0,0,0,16,495187,148879839,0,passed,24,1,22,1
idempotency-srs-mixed,242,243,idempotency,24,3,3,3,16,0.8,0.3,5,2,0,0,13,133,127397356,0,0,385385,1605144,645,307140,1265541,661,0,0,0,13,256802,127655171,0,passed,24,2,19,2
idempotency-srs-mixed,243,244,idempotency,16,3,3,3,16,0.8,0.3,5,2,0,0,10,82,11445765,0,0,133306,583267,281,100818,442812,142,0,0,0,10,90600,11536958,0,passed,16,2,14,2
idempotency-srs-mixed,244,245,idempotency,23,3,3,3,16,0.8,0.3,5,2,0,0,12,148,100022370,0,0,482442,2391535,687,365655,1803388,385,0,0,0,12,299703,100322944,0,passed,23,2,22,2
idempotency-srs-mixed,245,246,idempotency,21,3,3,3,16,0.8,0.3,5,2,0,0,8,42,13313931,0,0,57002,228381,100,46388,182829,122,0,0,0,8,38788,13353098,0,passed,21,1,8,1
idempotency-srs-mixed,246,247,idempotency,19,3,3,3,16,0.8,0.3,5,2,0,0,10,77,31194307,0,0,148843,697368,255,115578,546913,336,0,0,0,10,96044,31291016,0,passed,19,1,13,1
idempotency-srs-mixed,247,248,idempotency,20,3,3,3,16,0.8,0.3,5,2,0,0,9,81,30700472,0,0,163663,750943,249,125596,576198,298,0,0,0,9,108059,30809136,0,passed,20,1,15,1
idempotency-srs-mixed,248,249,idempotency,22,3,3,3,16,0.8,0.3,5,2,0,0,1,1,257711,0,0,109,162,0,111,165,0,0,0,0,1,87,257815,0,passed,22,0,1,0
idempotency-srs-mixed,249,250,idempotency,18,3,3,3,16,0.8,0.3,5,2,0,0,9,57,13787855,0,0,87697,328405,130,66590,243408,72,0,0,0,9,53356,13841757,0,passed,18,1,11,1
idempotency-srs-mixed,250,251,idempotency,18,3,3,3,16,0.8,0.3,5,2,0,0,1,1,165344,0,0,109,162,5,111,165,0,0,0,0,1,87,165449,4,passed,18,0,1,0
idempotency-srs-mixed,251,252,idempotency,18,3,3,3,16,0.8,0.3,5,2,0,0,1,1,178801,0,0,109,162,0,111,165,0,0,0,0,1,78,178899,0,passed,18,0,1,0
idempotency-srs-mixed,252,253,idempotency,15,3,3,3,16,0.8,0.3,5,2,0,0,1,1,157312,0,0,109,162,1,111,165,0,0,0,0,1,84,157415,0,passed,15,0,1,0
idempotency-srs-mixed,253,254,idempotency,23,3,3,3,16,0.8,0.3,5,2,0,0,9,74,46228061,0,0,151746,600013,212,114457,446232,330,0,0,0,9,93914,46322511,0,passed,23,1,14,1
idempotency-srs-mixed,254,255,idempotency,20,3,3,3,16,0.8,0.3,5,2,0,0,1,1,212534,0,0,109,162,1,111,165,0,0,0,0,1,88,212646,0,passed,20,0,1,0
idempotency-srs-mixed,255,256,idempotency,20,3,3,3,16,0.8,0.3,5,2,0,0,15,145,45535372,0,0,548196,2865732,1071,457749,2377553,766,0,0,0,15,391226,45928088,0,passed,20,2,18,1
idempotency-srs-mixed,256,257,idempotency,19,3,3,3,16,0.8,0.3,5,2,0,0,1,1,174033,0,0,109,162,0,111,165,0,0,0,0,1,84,174133,0,passed,19,0,1,0
idempotency-srs-mixed,257,258,idempotency,18,3,3,3,16,0.8,0.3,5,2,0,0,12,104,23063913,0,0,236622,1032727,308,184102,788058,259,0,0,0,12,157839,23222565,0,passed,18,2,16,2
idempotency-srs-mixed,258,259,idempotency,26,3,3,3,16,0.8,0.3,5,2,0,0,12,98,107177356,0,0,263520,1147888,401,214810,919380,302,0,0,0,12,181452,107359678,0,passed,26,1,14,1
idempotency-srs-mixed,259,260,idempotency,23,3,3,3,16,0.8,0.3,5,2,0,0,1,1,278132,0,0,109,162,1,111,165,0,0,0,0,1,84,278241,0,passed,23,0,1,0
idempotency-srs-mixed,260,261,idempotency,25,3,3,3,16,0.8,0.3,5,2,0,0,12,116,86218452,0,0,350805,2140150,430,270072,1522922,566,0,0,0,12,239090,86458554,0,passed,25,2,17,2
idempotency-srs-mixed,261,262,idempotency,15,3,3,3,16,0.8,0.3,5,2,0,0,1,1,150738,0,0,109,162,0,111,165,0,0,0,0,1,91,150853,0,passed,15,0,1,0
idempotency-srs-mixed,262,263,idempotency,23,3,3,3,16,0.8,0.3,5,2,0,0,12,117,79924707,0,0,428382,1977662,552,344401,1569335,430,0,0,0,12,292318,80217844,0,passed,23,2,18,2
idempotency-srs-mixed,263,264,idempotency,19,3,3,3,16,0.8,0.3,5,2,0,0,13,137,80560517,0,0,540427,2558983,638,432636,2074639,531,0,0,0,13,353872,80915491,0,passed,19,2,19,2
idempotency-srs-mixed,264,265,idempotency,20,3,3,3,16,0.8,0.3,5,2,0,0,10,93,32496575,0,0,158344,698109,114,126430,559718,235,0,0,0,10,105440,32602625,0,passed,20,4,16,4
idempotency-srs-mixed,265,266,idempotency,20,3,3,3,16,0.8,0.3,5,2,0,0,1,1,198772,0,0,109,162,0,111,165,0,0,0,0,1,91,198880,0,passed,20,0,1,0
idempotency-srs-mixed,266,267,idempotency,25,3,3,3,16,0.8,0.3,5,2,0,0,1,1,293016,0,0,109,162,0,111,165,0,0,0,0,1,85,293118,0,passed,25,0,1,0
idempotency-srs-mixed,267,268,idempotency,23,3,3,3,16,0.8,0.3,5,2,0,0,1,1,264273,0,0,109,162,0,111,165,0,0,0,0,1,77,264367,0,passed,23,0,1,0
idempotency-srs-mixed,268,269,idempotency,25,3,3,3,16,0.8,0.3,5,2,0,0,5,20,5060146,0,0,15718,56028,14,11137,40618,13,0,0,0,5,9842,5070194,0,passed,25,1,6,1
idempotency-srs-mixed,269,270,idempotency,22,3,3,3,16,0.8,0.3,5,2,0,0,9,85,66625233,0,0,176976,764514,225,124784,534789,243,0,0,0,9,116181,66742023,0,passed,22,2,16,2
idempotency-srs-mixed,270,271,idempotency,19,3,3,3,16,0.8,0.3,5,2,0,0,1,1,223575,0,0,109,162,0,111,165,0,0,0,0,1,82,223673,0,passed,19,0,1,0
idempotency-srs-mixed,271,272,idempotency,26,3,3,3,16,0.8,0.3,5,2,0,0,1,1,293659,0,0,109,162,0,111,165,0,0,0,0,1,81,293762,0,passed,26,0,1,0
idempotency-srs-mixed,272,273,idempotency,24,3,3,3,16,0.8,0.3,5,2,0,0,1,1,317811,0,0,109,162,0,111,165,0,0,0,0,1,83,317911,0,passed,24,0,1,0
idempotency-srs-mixed,273,274,idempotency,19,3,3,3,16,0.8,0.3,5,2,0,0,13,122,50280027,0,0,414413,1924148,552,345392,1592263,579,0,0,0,13,284212,50565381,0,passed,19,1,17,1
idempotency-srs-mixed,274,275,idempotency,19,3,3,3,16,0.8,0.3,5,2,0,0,11,80,35617077,0,0,180503,702261,360,146698,561302,247,0,0,0,11,121275,35739099,0,passed,19,1,13,1
idempotency-srs-mixed,275,276,idempotency,18,3,3,3,16,0.8,0.3,5,2,0,0,2,5,622050,0,0,1417,3354,0,911,2379,1,0,0,0,2,862,622965,0,passed,18,1,3,1
idempotency-srs-mixed,276,277,idempotency,18,3,3,3,16,0.8,0.3,5,2,0,0,13,120,50232319,0,0,389651,1691257,990,315808,1352347,445,0,0,0,13,263101,50496457,0,passed,18,1,17,1
idempotency-srs-mixed,277,278,idempotency,18,3,3,3,16,0.8,0.3,5,2,0,0,1,1,208342,0,0,109,162,0,111,165,0,0,0,0,1,79,208440,0,passed,18,0,1,0
idempotency-srs-mixed,278,279,idempotency,20,3,3,3,16,0.8,0.3,5,2,0,0,12,105,39827296,0,0,226193,868264,299,182884,699814,220,0,0,0,12,150941,39979152,0,passed,20,2,15,2
idempotency-srs-mixed,279,280,idempotency,18,3,3,3,16,0.8,0.3,5,2,0,0,8,58,16554869,0,0,95056,355242,184,68455,258915,124,0,0,0,8,60155,16615448,0,passed,18,3,12,3
idempotency-srs-mixed,280,281,idempotency,19,3,3,3,16,0.8,0.3,5,2,0,0,1,1,218793,0,0,109,162,1,111,165,0,0,0,0,1,83,218910,0,passed,19,0,1,0
idempotency-srs-mixed,281,282,idempotency,24,3,3,3,16,0.8,0.3,5,2,0,0,11,108,85816923,0,0,277112,1341951,336,209799,999718,325,0,0,0,11,168203,85985933,0,passed,24,1,18,1
idempotency-srs-mixed,282,283,idempotency,23,3,3,3,16,0.8,0.3,5,2,0,0,12,134,87088467,0,0,378816,1694519,490,294598,1306179,347,0,0,0,12,251621,87341149,1,passed,23,1,20,1
idempotency-srs-mixed,283,284,idempotency,17,3,3,3,16,0.8,0.3,5,2,0,0,1,1,182160,0,0,109,162,0,111,165,0,0,0,0,1,87,182264,0,passed,17,0,1,0
idempotency-srs-mixed,284,285,idempotency,23,3,3,3,16,0.8,0.3,5,2,0,0,10,70,34516195,0,0,138510,585580,201,108133,459913,125,0,0,0,10,94047,34610878,0,passed,23,1,12,1
idempotency-srs-mixed,285,286,idempotency,21,3,3,3,16,0.8,0.3,5,2,0,0,1,1,238852,0,0,109,162,1,111,165,0,0,0,0,1,138,239007,0,passed,21,0,1,0
idempotency-srs-mixed,286,287,idempotency,23,3,3,3,16,0.8,0.3,5,2,0,0,14,138,100212299,0,0,524688,2638785,397,420870,2096515,389,0,0,0,14,324234,100537849,0,passed,23,1,18,1
idempotency-srs-mixed,287,288,idempotency,24,3,3,3,16,0.8,0.3,5,2,0,0,9,61,33032756,0,0,101608,360301,234,73658,257834,109,0,0,0,9,63249,33096451,0,passed,24,4,12,4
idempotency-srs-mixed,288,289,idempotency,21,3,3,3,16,0.8,0.3,5,2,0,0,11,131,74270072,0,0,354643,1654898,355,261028,1230638,286,0,0,0,11,228457,74499343,0,passed,21,3,19,3
idempotency-srs-mixed,289,290,idempotency,20,3,3,3,16,0.8,0.3,5,2,0,0,1,2,313811,0,0,396,783,0,220,473,0,0,0,0,1,232,314064,0,passed,20,1,2,1
idempotency-srs-mixed,290,291,idempotency,21,3,3,3,16,0.8,0.3,5,2,0,0,1,1,197301,0,0,109,162,0,111,165,0,0,0,0,1,86,197418,0,passed,21,0,1,0
idempotency-srs-mixed,291,292,idempotency,19,3,3,3,16,0.8,0.3,5,2,0,0,13,135,59739017,0,0,484182,2262115,583,390986,1788311,352,0,0,0,13,323240,60063303,0,passed,19,1,18,1
idempotency-srs-mixed,292,293,idempotency,22,3,3,3,16,0.8,0.3,5,2,0,0,1,1,232835,0,0,109,162,0,111,165,0,0,0,0,1,79,232932,0,passed,22,0,1,0
idempotency-srs-mixed,293,294,idempotency,26,3,3,3,16,0.8,0.3,5,2,0,0,11,103,75685671,0,0,228047,1037600,257,173207,775161,222,0,0,0,11,143125,75829568,0,passed,26,1,15,1
idempotency-srs-mixed,294,295,idempotency,26,3,3,3,16,0.8,0.3,5,2,0,0,11,114,103515273,0,0,249855,1099112,288,175187,765758,171,0,0,0,11,155077,103671035,0,passed,26,3,17,3
idempotency-srs-mixed,295,296,idempotency,15,3,3,3,16,0.8,0.3,5,2,0,0,11,70,13119699,0,0,139792,699984,201,108025,530175,123,0,0,0,11,92157,13212472,0,passed,15,1,12,1
idempotency-srs-mixed,296,297,idempotency,16,3,3,3,16,0.8,0.3,5,2,0,0,1,1,152196,0,0,109,162,0,111,165,0,0,0,0,1,82,152293,0,passed,16,0,1,0
idempotency-srs-mixed,297,298,idempotency,17,3,3,3,16,0.8,0.3,5,2,0,0,8,47,9487266,0,0,62046,266247,51,46451,200579,56,0,0,0,8,39222,9526866,0,passed,17,1,10,1
idempotency-srs-mixed,298,299,idempotency,16,3,3,3,16,0.8,0.3,5,2,0,0,1,1,172959,0,0,109,162,0,111,165,0,0,0,0,1,80,173056,0,passed,16,0,1,0
idempotency-srs-mixed,299,300,idempotency,17,3,3,3,16,0.8,0.3,5,2,0,0,6,37,6576084,0,0,37583,141512,125,25074,93612,38,0,0,0,6,22698,6599077,0,passed,17,2,9,2
idempotency-srs-mixed,0,1,idempotency,20,3,3,3,16,0.8,0.3,5,2,1,0,1,1,212801,0,0,109,162,0,111,165,0,1,359157,0,1,82,572057,0,passed,20,0,1,0
idempotency-srs-mixed,1,2,idempotency,19,3,3,3,16,0.8,0.3,5,2,1,0,9,64,17726001,0,0,115945,477717,323,84241,348341,206,9,3083728,0,9,70758,20880970,0,passed,19,2,11,2
idempotency-srs-mixed,2,3,idempotency,16,3,3,3,16,0.8,0.3,5,2,1,0,1,1,126827,0,0,109,162,0,111,165,0,1,302333,0,1,63,429238,0,passed,16,0,1,0
idempotency-srs-mixed,3,4,idempotency,20,3,3,3,16,0.8,0.3,5,2,1,0,4,32,8657942,0,0,78997,395732,82,57773,298782,273,8,1374088,4,8,50936,10083300,0,passed,20,1,11,1
idempotency-srs-mixed,4,5,idempotency,15,3,3,3,16,0.8,0.3,5,2,1,0,10,81,11553815,0,0,190802,745418,117,152071,604668,90,11,3364421,1,11,117025,15036146,0,passed,15,2,13,2
idempotency-srs-mixed,5,6,idempotency,14,3,3,3,16,0.8,0.3,5,2,1,0,1,1,115040,0,0,109,162,0,111,165,0,1,294598,0,1,51,409707,0,passed,14,0,1,0
idempotency-srs-mixed,6,7,idempotency,20,3,3,3,16,0.8,0.3,5,2,1,0,8,93,45898779,0,0,351341,1736782,381,276949,1358303,204,12,2781608,4,12,236646,48918011,0,passed,20,1,19,1
idempotency-srs-mixed,7,8,idempotency,17,3,3,3,16,0.8,0.3,5,2,1,0,12,114,24828195,0,0,267844,1420534,318,218828,1121585,354,13,4401269,1,13,185618,29416070,0,passed,17,1,15,1
idempotency-srs-mixed,8,9,idempotency,16,3,3,3,16,0.8,0.3,5,2,1,0,1,1,153622,0,0,109,162,0,111,165,0,1,360444,0,1,79,514163,0,passed,16,0,1,0
idempotency-srs-mixed,9,10,idempotency,22,3,3,3,16,0.8,0.3,5,2,1,0,1,1,238181,0,0,109,162,1,111,165,0,1,359180,0,1,82,597463,0,passed,22,0,1,0
idempotency-srs-mixed,10,11,idempotency,15,3,3,3,16,0.8,0.3,5,2,1,0,7,57,9144959,0,0,105361,537031,119,81004,431746,120,8,2623965,1,8,71584,11841048,0,passed,15,2,14,2
idempotency-srs-mixed,11,12,idempotency,18,3,3,3,16,0.8,0.3,5,2,1,0,1,1,178971,0,0,109,162,0,111,165,0,1,372910,0,1,87,551984,0,passed,18,0,1,0
idempotency-srs-mixed,12,13,idempotency,17,3,3,3,16,0.8,0.3,5,2,1,0,6,57,17683803,0,0,113189,1174687,299,79062,853605,89,8,2224430,2,8,84800,19993714,0,passed,17,2,13,2
idempotency-srs-mixed,13,14,idempotency,22,3,3,3,16,0.8,0.3,5,2,1,0,1,1,237633,0,0,109,162,0,111,165,0,1,359659,0,1,78,597387,0,passed,22,0,1,0
idempotency-srs-mixed,14,15,idempotency,23,3,3,3,16,0.8,0.3,5,2,1,0,10,98,48048680,0,0,194397,839086,213,149390,665865,278,11,3640681,1,11,122877,51812945,0,passed,23,3,16,3
idempotency-srs-mixed,15,16,idempotency,20,3,3,3,16,0.8,0.3,5,2,1,0,7,79,25974532,0,0,199508,937875,139,151668,707860,69,10,2501335,3,10,118167,28594656,0,passed,20,1,17,1
idempotency-srs-mixed,16,17,idempotency,14,3,3,3,16,0.8,0.3,5,2,1,0,7,47,4501541,0,0,67601,228789,76,55149,186414,95,8,2545911,1,8,44801,7092655,0,passed,14,2,10,2
idempotency-srs-mixed,17,18,idempotency,16,3,3,3,16,0.8,0.3,5,2,1,0,1,1,162373,0,0,109,162,0,111,165,0,1,361146,0,1,84,523622,0,passed,16,0,1,0
idempotency-srs-mixed,18,19,idempotency,18,3,3,3,16,0.8,0.3,5,2,1,0,9,111,29542232,0,0,243169,1087374,273,192605,870650,240,10,3300872,1,10,161345,33005135,0,passed,18,2,18,2
idempotency-srs-mixed,19,20,idempotency,14,3,3,3,16,0.8,0.3,5,2,1,0,8,60,6580412,0,0,110993,431733,157,91429,353775,138,9,2863943,1,9,73877,9518746,0,passed,14,1,12,1
idempotency-srs-mixed,20,21,idempotency,16,3,3,3,16,0.8,0.3,5,2,1,0,1,1,164616,0,0,109,162,0,111,165,4,1,360009,0,1,90,524735,0,passed,16,0,1,0
idempotency-srs-mixed,21,22,idempotency,26,3,3,3,16,0.8,0.3,5,2,1,0,1,1,312096,0,0,109,162,0,111,165,0,1,362163,0,1,77,674366,0,passed,26,0,1,0
idempotency-srs-mixed,22,23,idempotency,25,3,3,3,16,0.8,0.3,5,2,1,0,9,92,67245699,0,0,251274,1373375,236,200482,1109883,237,12,3330904,3,12,170111,70747534,0,passed,25,1,17,1
idempotency-srs-mixed,23,24,idempotency,25,3,3,3,16,0.8,0.3,5,2,1,0,5,39,18486031,0,0,83630,328998,102,61803,245137,120,8,1837358,3,8,54888,20378719,0,passed,25,4,11,4
idempotency-srs-mixed,24,25,idempotency,25,3,3,3,16,0.8,0.3,5,2,1,0,11,152,143511746,0,0,436202,2237605,427,352604,1842527,375,12,4036859,1,12,299892,147849473,0,passed,25,5,23,5
idempotency-srs-mixed,25,26,idempotency,15,3,3,3,16,0.8,0.3,5,2,1,0,1,1,148225,0,0,109,162,1,111,165,0,1,360021,0,1,89,508356,0,passed,15,0,1,0
idempotency-srs-mixed,26,27,idempotency,24,3,3,3,16,0.8,0.3,5,2,1,0,1,1,270451,0,0,109,162,0,111,165,0,1,360818,0,1,112,631399,0,passed,24,0,1,0
idempotency-srs-mixed,27,28,idempotency,21,3,3,3,16,0.8,0.3,5,2,1,0,1,1,246312,0,0,109,162,0,111,165,0,1,360269,0,1,82,606681,0,passed,21,0,1,0
idempotency-srs-mixed,28,29,idempotency,18,3,3,3,16,0.8,0.3,5,2,1,0,6,57,15771440,0,0,122737,474241,164,93714,357453,110,8,2224129,2,8,79567,18075549,0,passed,18,2,15,2
idempotency-srs-mixed,29,30,idempotency,15,3,3,3,16,0.8,0.3,5,2,1,0,7,68,13035791,0,0,166732,663133,96,130439,515033,99,9,2608614,2,9,110413,15755287,0,passed,15,2,14,2
idempotency-srs-mixed,30,31,idempotency,21,3,3,3,16,0.8,0.3,5,2,1,0,6,48,17783804,0,0,107654,514586,166,78214,366249,297,8,2190988,2,8,71936,20047130,0,passed,21,1,14,1
idempotency-srs-mixed,31,32,idempotency,16,3,3,3,16,0.8,0.3,5,2,1,0,6,56,10721394,0,0,113569,514569,234,85576,397809,184,8,2190784,2,8,75691,12988257,0,passed,16,3,13,3
idempotency-srs-mixed,32,33,idempotency,21,3,3,3,16,0.8,0.3,5,2,1,0,1,1,220759,0,0,109,162,0,111,165,0,1,360871,0,1,77,581725,0,passed,21,0,1,0
idempotency-srs-mixed,33,34,idempotency,23,3,3,3,16,0.8,0.3,5,2,1,0,4,20,6668228,0,0,28493,123033,35,20530,89909,18,6,1488681,2,6,18004,8175134,0,passed,23,1,7,1
idempotency-srs-mixed,34,35,idempotency,16,3,3,3,16,0.8,0.3,5,2,1,0,1,1,148287,0,0,109,162,0,111,165,0,1,360029,0,1,79,508413,0,passed,16,0,1,0
idempotency-srs-mixed,35,36,idempotency,24,3,3,3,16,0.8,0.3,5,2,1,0,9,77,36712530,0,0,185850,994151,236,154935,838647,178,10,3276160,1,10,127605,40117046,0,passed,24,1,15,1
idempotency-srs-mixed,36,37,idempotency,22,3,3,3,16,0.8,0.3,5,2,1,0,1,1,232048,0,0,109,162,0,111,165,0,1,361123,0,1,84,593271,0,passed,22,0,1,0
idempotency-srs-mixed,37,38,idempotency,14,3,3,3,16,0.8,0.3,5,2,1,0,5,32,4050830,0,0,77691,1157178,158,61164,903855,120,8,1970113,3,8,64311,6086162,0,passed,14,2,10,2
idempotency-srs-mixed,38,39,idempotency,19,3,3,3,16,0.8,0.3,5,2,1,0,10,121,38106950,0,0,249952,1075827,301,186063,813587,187,12,3713722,2,12,165851,41987314,0,passed,19,6,18,6
idempotency-srs-mixed,39,40,idempotency,17,3,3,3,16,0.8,0.3,5,2,1,0,7,42,5883006,0,0,50392,228171,66,36999,169358,83,7,2577923,0,7,32995,8494229,0,passed,17,4,12,4
idempotency-srs-mixed,40,41,idempotency,14,3,3,3,16,0.8,0.3,5,2,1,0,1,1,130837,0,0,109,162,0,111,165,0,1,361592,0,1,86,492533,0,passed,14,0,1,0
idempotency-srs-mixed,41,42,idempotency,19,3,3,3,16,0.8,0.3,5,2,1,0,1,1,181780,0,0,109,162,0,111,165,0,1,359829,0,1,77,541705,0,passed,19,0,1,0
idempotency-srs-mixed,42,43,idempotency,18,3,3,3,16,0.8,0.3,5,2,1,0,5,31,6024342,0,0,48843,208151,135,35154,149821,31,7,1843290,2,7,31073,7899038,0,passed,18,1,9,1
idempotency-srs-mixed,43,44,idempotency,20,3,3,3,16,0.8,0.3,5,2,1,0,6,42,10240276,0,0,60152,305663,79,48032,247845,41,7,2180254,1,7,42491,12463328,0,passed,20,4,11,4
idempotency-srs-mixed,44,45,idempotency,21,3,3,3,16,0.8,0.3,5,2,1,0,8,57,18171376,0,0,90670,372066,98,68107,282183,122,8,2927082,0,8,58462,21157388,0,passed,21,2,12,2
idempotency-srs-mixed,45,46,idempotency,20,3,3,3,16,0.8,0.3,5,2,1,0,7,47,11502045,0,0,88348,385287,215,79012,345303,145,9,2548280,2,9,62953,14113824,0,passed,20,1,10,1
idempotency-srs-mixed,46,47,idempotency,15,3,3,3,16,0.8,0.3,5,2,1,0,1,1,145765,0,0,109,162,0,111,165,0,1,361822,0,1,80,507689,0,passed,15,0,1,0
idempotency-srs-mixed,47,48,idempotency,19,3,3,3,16,0.8,0.3,5,2,1,0,9,93,24097436,0,0,195117,815243,186,160996,674463,184,10,3260717,1,10,129839,27488650,0,passed,19,2,16,2
idempotency-srs-mixed,48,49,idempotency,20,3,3,3,16,0.8,0.3,5,2,1,0,8,44,6896838,0,0,46429,168154,57,36147,136804,52,8,2934521,0,8,30332,9862083,0,passed,20,1,9,1
idempotency-srs-mixed,49,50,idempotency,15,3,3,3,16,0.8,0.3,5,2,1,0,7,55,7733249,0,0,102523,511651,88,76840,379888,211,8,2467433,1,8,64146,10265317,0,passed,15,1,12,1
idempotency-srs-mixed,50,51,idempotency,19,3,3,3,16,0.8,0.3,5,2,1,0,1,1,185727,0,0,109,162,1,111,165,0,1,361196,0,1,77,547018,0,passed,19,0,1,0
idempotency-srs-mixed,51,52,idempotency,17,3,3,3,16,0.8,0.3,5,2,1,0,1,1,183239,0,0,109,162,0,111,165,0,1,363091,0,1,89,546436,0,passed,17,0,1,0
idempotency-srs-mixed,52,53,idempotency,15,3,3,3,16,0.8,0.3,5,2,1,0,2,8,868600,0,0,6881,24762,8,4302,15824,6,3,805015,1,3,4209,1677923,0,passed,15,2,6,2
idempotency-srs-mixed,53,54,idempotency,22,3,3,3,16,0.8,0.3,5,2,1,0,8,49,17071730,0,0,92618,405222,342,70512,310559,58,8,2866125,0,8,62676,20000961,0,passed,22,2,10,2
idempotency-srs-mixed,54,55,idempotency,21,3,3,3,16,0.8,0.3,5,2,1,0,8,83,37841387,0,0,334073,1754495,306,282443,1503506,323,13,3082840,5,13,230534,41155772,0,passed,21,1,16,1
idempotency-srs-mixed,55,56,idempotency,20,3,3,3,16,0.8,0.3,5,2,1,0,7,56,16175990,0,0,94631,351519,86,78575,289578,164,8,2549736,1,8,62999,18789172,0,passed,20,3,12,3
idempotency-srs-mixed,56,57,idempotency,15,3,3,3,16,0.8,0.3,5,2,1,0,1,1,152606,0,0,109,162,0,111,165,0,1,362703,0,1,87,515423,0,passed,15,0,1,0
idempotency-srs-mixed,57,58,idempotency,18,3,3,3,16,0.8,0.3,5,2,1,0,6,35,4819378,0,0,42924,150783,48,31784,114992,56,7,2138125,1,7,25840,6983664,0,passed,18,2,9,2
idempotency-srs-mixed,58,59,idempotency,14,3,3,3,16,0.8,0.3,5,2,1,0,7,64,11526577,0,0,167498,788634,361,128284,616906,172,9,2575370,2,9,113440,14216002,0,passed,14,2,14,2
idempotency-srs-mixed,59,60,idempotency,22,3,3,3,16,0.8,0.3,5,2,1,0,9,91,38499250,0,0,210274,1096240,293,184736,967258,356,10,3296947,1,10,149081,41946051,0,passed,22,1,17,1
idempotency-srs-mixed,60,61,idempotency,23,3,3,3,16,0.8,0.3,5,2,1,0,9,141,129407697,0,0,383398,1749539,425,308988,1408178,379,10,3297541,1,10,250203,132956302,0,passed,23,1,23,1
idempotency-srs-mixed,61,62,idempotency,16,3,3,3,16,0.8,0.3,5,2,1,0,8,73,16507449,0,0,156662,682176,155,128528,560908,179,10,2845747,2,10,107658,19461498,0,passed,16,2,14,2
idempotency-srs-mixed,62,63,idempotency,25,3,3,3,16,0.8,0.3,5,2,1,0,15,242,241158786,0,0,816657,4265788,761,729614,3814894,624,16,5522359,1,16,594037,247276876,0,passed,25,1,24,1
idempotency-srs-mixed,63,64,idempotency,17,3,3,3,16,0.8,0.3,5,2,1,0,1,1,183610,0,0,109,162,0,111,165,0,1,359411,0,1,84,543123,0,passed,17,0,1,0
idempotency-srs-mixed,64,65,idempotency,23,3,3,3,16,0.8,0.3,5,2,1,0,11,153,114884522,0,0,544720,3309097,461,437824,2646642,391,14,3985268,3,14,373164,119244068,0,passed,23,5,23,5
idempotency-srs-mixed,65,66,idempotency,15,3,3,3,16,0.8,0.3,5,2,1,0,7,58,12069764,0,0,142928,931902,181,112754,774678,139,10,2552503,3,10,101493,14724534,0,passed,15,2,13,2
idempotency-srs-mixed,66,67,idempotency,26,3,3,3,16,0.8,0.3,5,2,1,0,11,124,98004281,0,0,416044,2556149,431,355165,2193222,449,12,3974593,1,12,291584,102271577,0,passed,26,1,19,1
idempotency-srs-mixed,67,68,idempotency,17,3,3,3,16,0.8,0.3,5,2,1,0,8,58,8853937,0,0,101713,597687,171,80070,473365,90,10,2807155,2,10,67648,11729296,0,passed,17,1,11,1
idempotency-srs-mixed,68,69,idempotency,24,3,3,3,16,0.8,0.3,5,2,1,0,8,83,53471413,0,0,188023,775001,202,162943,671797,242,9,2933313,1,9,128794,56534086,0,passed,24,2,16,2
idempotency-srs-mixed,69,70,idempotency,17,3,3,3,16,0.8,0.3,5,2,1,0,6,63,19314311,0,0,155078,583286,162,120572,451539,125,8,2253055,2,8,100951,21668776,0,passed,17,2,16,2
idempotency-srs-mixed,70,71,idempotency,26,3,3,3,16,0.8,0.3,5,2,1,0,9,87,46833513,0,0,183537,1508123,379,139877,1142711,143,11,3316480,2,11,136776,50287515,0,passed,26,3,15,3
idempotency-srs-mixed,71,72,idempotency,24,3,3,3,16,0.8,0.3,5,2,1,0,5,49,22759181,0,0,78758,364101,152,55907,260835,171,7,1896630,2,7,52652,24708790,0,passed,24,3,14,3
idempotency-srs-mixed,72,73,idempotency,24,3,3,3,16,0.8,0.3,5,2,1,0,8,71,30102739,0,0,120808,456568,221,96565,367628,88,9,2959088,1,9,80505,33142876,0,passed,24,2,13,2
idempotency-srs-mixed,73,74,idempotency,21,3,3,3,16,0.8,0.3,5,2,1,0,10,89,24109385,0,0,216414,972258,233,165284,742067,175,10,3719500,0,10,143171,27972802,0,passed,21,2,16,2
idempotency-srs-mixed,74,75,idempotency,22,3,3,3,16,0.8,0.3,5,2,1,0,12,139,83108179,0,0,560180,4296415,677,475068,3703814,558,15,4658585,3,15,424165,88193011,0,passed,22,1,19,1
idempotency-srs-mixed,75,76,idempotency,23,3,3,3,16,0.8,0.3,5,2,1,0,7,89,59036446,0,0,300489,1687814,314,226158,1263511,149,11,2532127,4,11,187174,61756444,0,passed,23,2,19,2
idempotency-srs-mixed,76,77,idempotency,20,3,3,3,16,0.8,0.3,5,2,1,0,1,1,210736,0,0,109,162,1,111,165,0,1,367344,0,1,81,578179,0,passed,20,0,1,0
idempotency-srs-mixed,77,78,idempotency,18,3,3,3,16,0.8,0.3,5,2,1,0,9,80,17746575,0,0,142647,642026,123,109231,493346,81,10,3332833,1,10,95976,21176074,0,passed,18,2,14,2
idempotency-srs-mixed,78,79,idempotency,22,3,3,3,16,0.8,0.3,5,2,1,0,8,63,31200704,0,0,115500,693090,114,84447,528922,113,9,3293898,1,9,80585,34575765,0,passed,22,2,13,2
idempotency-srs-mixed,79,80,idempotency,24,3,3,3,16,0.8,0.3,5,2,1,0,8,68,40278022,0,0,136745,533030,118,115735,447232,139,9,2955540,1,9,92733,43326792,0,passed,24,1,14,1
idempotency-srs-mixed,80,81,idempotency,20,3,3,3,16,0.8,0.3,5,2,1,0,7,87,40057890,0,0,276814,1518172,391,217029,1198391,363,10,2572181,3,10,188310,42819181,0,passed,20,1,19,1
idempotency-srs-mixed,81,82,idempotency,23,3,3,3,16,0.8,0.3,5,2,1,0,9,86,36411855,0,0,179947,761202,300,149327,615862,281,10,3428626,1,10,124285,39965469,0,passed,23,1,16,1
idempotency-srs-mixed,82,83,idempotency,24,3,3,3,16,0.8,0.3,5,2,1,0,9,139,108186836,0,0,452607,1834429,670,353267,1418235,400,13,3424670,4,13,293416,111905941,0,passed,24,1,21,1
idempotency-srs-mixed,83,84,idempotency,21,3,3,3,16,0.8,0.3,5,2,1,0,1,1,223373,0,0,109,162,0,111,165,0,1,361464,0,1,78,584933,0,passed,21,0,1,0
idempotency-srs-mixed,84,85,idempotency,14,3,3,3,16,0.8,0.3,5,2,1,0,6,37,4547590,0,0,76698,324114,166,57229,243413,175,8,2233709,2,8,49229,6830914,0,passed,14,1,10,1
idempotency-srs-mixed,85,86,idempotency,25,3,3,3,16,0.8,0.3,5,2,1,0,6,49,20248205,0,0,101367,576569,301,80734,448760,216,9,2224749,3,9,70492,22544156,0,passed,25,1,12,1
idempotency-srs-mixed,86,87,idempotency,23,3,3,3,16,0.8,0.3,5,2,1,0,9,105,60056506,0,0,360822,1504925,420,311393,1307284,373,12,3535044,3,12,245164,63837666,0,passed,23,1,21,1
idempotency-srs-mixed,87,88,idempotency,23,3,3,3,16,0.8,0.3,5,2,1,0,13,165,87158269,0,0,426603,1754170,533,364224,1494797,404,14,4818061,1,14,282948,92260371,0,passed,23,4,22,4
idempotency-srs-mixed,88,89,idempotency,18,3,3,3,16,0.8,0.3,5,2,1,0,6,57,13981163,0,0,105573,825926,148,85480,688967,289,8,2319887,2,8,77627,16379259,0,passed,18,1,13,1
idempotency-srs-mixed,89,90,idempotency,22,3,3,3,16,0.8,0.3,5,2,1,0,9,120,63802966,0,0,300361,1370821,218,227915,1040467,200,11,3312194,2,11,199661,67315608,0,passed,22,4,21,4
idempotency-srs-mixed,90,91,idempotency,15,3,3,3,16,0.8,0.3,5,2,1,0,1,1,157840,0,0,109,162,1,111,165,0,1,359714,0,1,78,517652,0,passed,15,0,1,0
idempotency-srs-mixed,91,92,idempotency,17,3,3,3,16,0.8,0.3,5,2,1,0,10,97,22742995,0,0,172532,771139,217,128458,575748,145,11,3638772,1,11,115042,26497496,0,passed,17,3,15,3
idempotency-srs-mixed,92,93,idempotency,17,3,3,3,16,0.8,0.3,5,2,1,0,7,35,4435901,0,0,42312,176850,49,31382,131919,86,7,2533911,0,7,25748,6995905,0,passed,17,1,8,1
idempotency-srs-mixed,93,94,idempotency,23,3,3,3,16,0.8,0.3,5,2,1,0,1,1,217803,0,0,109,162,0,111,165,0,1,360846,0,1,77,578744,0,passed,23,0,1,0
idempotency-srs-mixed,94,95,idempotency,23,3,3,3,16,0.8,0.3,5,2,1,0,1,1,234255,0,0,109,162,0,111,165,0,1,360518,0,1,76,594868,0,passed,23,0,1,0
idempotency-srs-mixed,95,96,idempotency,21,3,3,3,16,0.8,0.3,5,2,1,0,8,67,26058539,0,0,171954,859169,631,133724,633152,144,9,3020301,1,9,120989,29200399,0,passed,21,1,19,1
idempotency-srs-mixed,96,97,idempotency,15,3,3,3,16,0.8,0.3,5,2,1,0,1,1,135592,0,0,109,162,0,111,165,0,1,361615,0,1,77,497302,0,passed,15,0,1,0
idempotency-srs-mixed,97,98,idempotency,16,3,3,3,16,0.8,0.3,5,2,1,0,1,1,163365,0,0,109,162,0,111,165,0,1,366701,0,1,78,530164,0,passed,16,0,1,0
idempotency-srs-mixed,98,99,idempotency,15,3,3,3,16,0.8,0.3,5,2,1,0,6,49,7697802,0,0,84627,380504,163,63548,299171,107,8,2196043,2,8,55259,9949510,0,passed,15,2,13,2
idempotency-srs-mixed,99,100,idempotency,22,3,3,3,16,0.8,0.3,5,2,1,0,1,1,241228,0,0,109,162,0,111,165,0,1,363310,0,1,85,604643,0,passed,22,0,1,0
idempotency-srs-mixed,100,101,idempotency,26,3,3,3,16,0.8,0.3,5,2,1,0,6,46,20811984,0,0,72902,304517,78,61979,257377,42,7,2166600,1,7,50810,23029795,0,passed,26,1,11,1
idempotency-srs-mixed,101,102,idempotency,14,3,3,3,16,0.8,0.3,5,2,1,0,1,1,132908,0,0,109,162,0,111,165,0,1,364257,0,1,80,497265,0,passed,14,0,1,0
idempotency-srs-mixed,102,103,idempotency,18,3,3,3,16,0.8,0.3,5,2,1,0,9,95,16443694,0,0,197631,910629,217,169386,794316,217,11,3313062,2,11,133917,19891508,0,passed,18,1,17,1
idempotency-srs-mixed,103,104,idempotency,21,3,3,3,16,0.8,0.3,5,2,1,0,1,1,221770,0,0,109,162,0,111,165,0,1,365857,0,1,83,587727,0,passed,21,0,1,0
idempotency-srs-mixed,104,105,idempotency,15,3,3,3,16,0.8,0.3,5,2,1,0,1,1,150522,0,0,109,162,0,111,165,0,1,361197,0,1,77,511816,0,passed,15,0,1,0
idempotency-srs-mixed,105,106,idempotency,17,3,3,3,16,0.8,0.3,5,2,1,0,7,62,13207670,0,0,124341,495448,150,106001,426696,162,9,2556610,2,9,81490,15846295,0,passed,17,2,13,2
idempotency-srs-mixed,106,107,idempotency,14,3,3,3,16,0.8,0.3,5,2,1,0,6,42,6047768,0,0,53329,223642,77,41615,175510,50,7,2221251,1,7,35773,8305134,0,passed,14,2,10,2
idempotency-srs-mixed,107,108,idempotency,22,3,3,3,16,0.8,0.3,5,2,1,0,4,18,4303118,0,0,21682,80745,11,16029,59201,46,5,1462686,1,5,13932,5779922,0,passed,22,1,7,1
idempotency-srs-mixed,108,109,idempotency,22,3,3,3,16,0.8,0.3,5,2,1,0,8,101,33811287,0,0,250938,980631,268,196516,783866,256,11,2915024,3,11,166815,36893821,0,passed,22,7,21,7
idempotency-srs-mixed,109,110,idempotency,22,3,3,3,16,0.8,0.3,5,2,1,0,1,1,220557,0,0,109,162,0,111,165,0,1,373387,0,1,87,594061,0,passed,22,0,1,0
idempotency-srs-mixed,110,111,idempotency,17,3,3,3,16,0.8,0.3,5,2,1,0,6,44,11849737,0,0,89095,663103,168,63107,472284,69,8,2160333,2,8,63148,14073674,0,passed,17,2,11,2
idempotency-srs-mixed,111,112,idempotency,18,3,3,3,16,0.8,0.3,5,2,1,0,1,1,180435,0,0,109,162,0,111,165,0,1,361753,0,1,78,542285,0,passed,18,0,1,0
idempotency-srs-mixed,112,113,idempotency,15,3,3,3,16,0.8,0.3,5,2,1,0,1,1,143168,0,0,109,162,0,111,165,0,1,359656,0,1,79,502920,0,passed,15,0,1,0
idempotency-srs-mixed,113,114,idempotency,16,3,3,3,16,0.8,0.3,5,2,1,0,7,74,18079583,0,0,199881,1002831,440,156955,793821,170,10,2556052,3,10,130323,20766529,0,passed,16,3,16,3
idempotency-srs-mixed,114,115,idempotency,23,3,3,3,16,0.8,0.3,5,2,1,0,1,1,248153,0,0,109,162,1,111,165,0,1,380480,0,1,84,628740,0,passed,23,0,1,0
idempotency-srs-mixed,115,116,idempotency,14,3,3,3,16,0.8,0.3,5,2,1,0,1,1,145333,0,0,109,162,0,111,165,0,1,363558,0,1,80,508995,0,passed,14,0,1,0
idempotency-srs-mixed,116,117,idempotency,26,3,3,3,16,0.8,0.3,5,2,1,0,10,146,172834192,0,0,400529,1680173,324,313613,1310733,334,11,3635050,1,11,248979,176719024,0,passed,26,2,22,2
idempotency-srs-mixed,117,118,idempotency,26,3,3,3,16,0.8,0.3,5,2,1,0,9,113,71512616,0,0,297084,2277513,387,220425,1608905,307,12,3285782,3,12,201515,75000835,0,passed,26,2,19,2
idempotency-srs-mixed,118,119,idempotency,26,3,3,3,16,0.8,0.3,5,2,1,0,15,217,193897621,0,0,707626,4088005,849,558660,3141518,752,16,5721314,1,16,482566,200103281,0,passed,26,3,25,3
idempotency-srs-mixed,119,120,idempotency,16,3,3,3,16,0.8,0.3,5,2,1,0,2,13,2273260,0,0,49296,280624,115,40880,235292,28,5,624263,3,5,37050,2935181,0,passed,16,1,11,1
idempotency-srs-mixed,120,121,idempotency,26,3,3,3,16,0.8,0.3,5,2,1,0,7,64,28918086,0,0,115983,688733,213,93537,561392,105,9,2539519,2,9,73794,31532021,0,passed,26,1,13,1
idempotency-srs-mixed,121,122,idempotency,17,3,3,3,16,0.8,0.3,5,2,1,0,7,61,15221340,0,0,119387,496570,237,87435,364920,133,8,2652436,1,8,80837,17955077,0,passed,17,3,14,3
idempotency-srs-mixed,122,123,idempotency,20,3,3,3,16,0.8,0.3,5,2,1,0,9,80,25472375,0,0,172656,764224,298,137029,614241,738,10,3420177,1,10,118954,29012132,0,passed,20,2,15,2
idempotency-srs-mixed,123,124,idempotency,23,3,3,3,16,0.8,0.3,5,2,1,0,1,1,259557,0,0,109,162,0,111,165,0,1,367758,0,1,79,627415,0,passed,23,0,1,0
idempotency-srs-mixed,124,125,idempotency,20,3,3,3,16,0.8,0.3,5,2,1,0,1,1,224959,0,0,109,162,7,111,165,0,1,367153,0,1,90,592223,0,passed,20,0,1,0
idempotency-srs-mixed,125,126,idempotency,18,3,3,3,16,0.8,0.3,5,2,1,0,1,1,177100,0,0,109,162,0,111,165,0,1,368445,0,1,79,545642,0,passed,18,0,1,0
idempotency-srs-mixed,126,127,idempotency,23,3,3,3,16,0.8,0.3,5,2,1,0,1,1,286428,0,0,109,162,0,111,165,0,1,366344,0,1,80,652870,0,passed,23,0,1,0
idempotency-srs-mixed,127,128,idempotency,15,3,3,3,16,0.8,0.3,5,2,1,0,1,1,150231,0,0,109,162,0,111,165,0,1,364045,0,1,85,514380,0,passed,15,0,1,0
idempotency-srs-mixed,128,129,idempotency,20,3,3,3,16,0.8,0.3,5,2,1,0,10,107,46674668,0,0,285922,1209930,300,235929,989072,388,11,3755617,1,11,191275,50622474,0,passed,20,1,17,1
idempotency-srs-mixed,129,130,idempotency,18,3,3,3,16,0.8,0.3,5,2,1,0,7,77,22658405,0,0,222656,1369924,326,171308,1038360,237,11,2662171,4,11,157314,25478695,0,passed,18,1,16,1
idempotency-srs-mixed,130,131,idempotency,25,3,3,3,16,0.8,0.3,5,2,1,0,7,53,29028694,0,0,119766,508562,279,90039,378301,122,9,2713032,2,9,80737,31822975,0,passed,25,2,12,2
idempotency-srs-mixed,131,132,idempotency,22,3,3,3,16,0.8,0.3,5,2,1,0,8,80,34519470,0,0,201639,1825966,411,164539,1524423,466,13,3032839,5,13,155172,37708418,0,passed,22,1,14,1
idempotency-srs-mixed,132,133,idempotency,23,3,3,3,16,0.8,0.3,5,2,1,0,11,132,102827178,0,0,646861,2667160,1119,510622,2091110,1273,13,4043256,2,13,434719,107306238,0,passed,23,6,21,6
idempotency-srs-mixed,133,134,idempotency,20,3,3,3,16,0.8,0.3,5,2,1,0,1,1,230025,0,0,109,162,1,111,165,0,1,370762,0,1,83,600889,0,passed,20,0,1,0
idempotency-srs-mixed,134,135,idempotency,23,3,3,3,16,0.8,0.3,5,2,1,0,1,1,265947,0,0,109,162,0,111,165,0,1,366937,0,1,82,632984,0,passed,23,0,1,0
idempotency-srs-mixed,135,136,idempotency,14,3,3,3,16,0.8,0.3,5,2,1,0,6,46,5294139,0,0,110964,429736,141,97912,381952,150,8,2233742,2,8,76976,7605323,0,passed,14,1,12,1
idempotency-srs-mixed,136,137,idempotency,22,3,3,3,16,0.8,0.3,5,2,1,0,1,1,203836,0,0,109,162,0,111,165,0,1,309371,0,1,73,513297,0,passed,22,0,1,0
idempotency-srs-mixed,137,138,idempotency,23,3,3,3,16,0.8,0.3,5,2,1,0,6,42,14858662,0,0,73112,279677,123,61418,234544,100,8,2152015,2,8,50725,17061894,0,passed,23,1,10,1
idempotency-srs-mixed,138,139,idempotency,18,3,3,3,16,0.8,0.3,5,2,1,0,1,1,178236,0,0,109,162,1,111,165,0,1,363257,0,1,79,541590,0,passed,18,0,1,0
idempotency-srs-mixed,139,140,idempotency,15,3,3,3,16,0.8,0.3,5,2,1,0,3,9,725696,0,0,4156,13091,7,2730,8956,2,3,1055077,0,3,2330,1783203,0,passed,15,1,4,1
idempotency-srs-mixed,140,141,idempotency,17,3,3,3,16,0.8,0.3,5,2,1,0,1,1,160153,0,0,109,162,0,111,165,0,1,366519,0,1,79,526771,0,passed,17,0,1,0
idempotency-srs-mixed,141,142,idempotency,18,3,3,3,16,0.8,0.3,5,2,1,0,8,79,26002906,0,0,176650,675245,213,132537,495675,222,9,2910110,1,9,110007,29023564,0,passed,18,1,15,1
idempotency-srs-mixed,142,143,idempotency,20,3,3,3,16,0.8,0.3,5,2,1,0,1,1,219309,0,0,109,162,2,111,165,0,1,312816,0,1,63,532209,0,passed,20,0,1,0
idempotency-srs-mixed,143,144,idempotency,20,3,3,3,16,0.8,0.3,5,2,1,0,1,1,195853,0,0,109,162,0,111,165,0,1,355150,0,1,81,551108,0,passed,20,0,1,0
idempotency-srs-mixed,144,145,idempotency,17,3,3,3,16,0.8,0.3,5,2,1,0,11,86,14805137,0,0,173684,718318,225,132250,558085,214,11,4066883,0,11,112166,18984872,0,passed,17,3,14,3
idempotency-srs-mixed,145,146,idempotency,20,3,3,3,16,0.8,0.3,5,2,1,0,8,80,29803339,0,0,161926,646538,272,137185,552500,317,9,2920239,1,9,110998,32835180,0,passed,20,2,15,2
idempotency-srs-mixed,146,147,idempotency,19,3,3,3,16,0.8,0.3,5,2,1,0,1,1,186258,0,0,109,162,0,111,165,0,1,363547,0,1,84,549906,0,passed,19,0,1,0
idempotency-srs-mixed,147,148,idempotency,23,3,3,3,16,0.8,0.3,5,2,1,0,7,63,22679189,0,0,107640,453720,230,78833,340713,54,9,2505682,2,9,69058,25254427,0,passed,23,3,14,3
idempotency-srs-mixed,148,149,idempotency,15,3,3,3,16,0.8,0.3,5,2,1,0,1,1,157855,0,0,109,162,0,111,165,0,1,334346,0,1,70,492293,0,passed,15,0,1,0
idempotency-srs-mixed,149,150,idempotency,19,3,3,3,16,0.8,0.3,5,2,1,0,8,86,33021668,0,0,173157,641812,212,141740,524217,255,9,2939035,1,9,116855,36078150,0,passed,19,2,16,2
idempotency-srs-mixed,150,151,idempotency,14,3,3,3,16,0.8,0.3,5,2,1,0,1,1,152702,0,0,109,162,0,111,165,0,1,364315,0,1,88,517129,0,passed,14,0,1,0
idempotency-srs-mixed,151,152,idempotency,19,3,3,3,16,0.8,0.3,5,2,1,0,1,1,202902,0,0,109,162,0,111,165,0,1,360733,0,1,99,563752,0,passed,19,0,1,0
idempotency-srs-mixed,152,153,idempotency,17,3,3,3,16,0.8,0.3,5,2,1,0,1,1,171708,0,0,109,162,0,111,165,0,1,359011,0,1,82,530821,0,passed,17,0,1,0
idempotency-srs-mixed,153,154,idempotency,24,3,3,3,16,0.8,0.3,5,2,1,0,1,1,284137,0,0,109,162,0,111,165,0,1,363674,0,1,83,647914,0,passed,24,0,1,0
idempotency-srs-mixed,154,155,idempotency,25,3,3,3,16,0.8,0.3,5,2,1,0,11,136,84342267,0,0,380496,1983548,449,302558,1570665,483,12,4050613,1,12,264474,88658347,0,passed,25,6,23,5
idempotency-srs-mixed,155,156,idempotency,20,3,3,3,16,0.8,0.3,5,2,1,0,4,15,2322648,0,0,16325,60959,17,12339,45108,13,5,1472280,1,5,10512,3805639,0,passed,20,1,6,1
idempotency-srs-mixed,156,157,idempotency,14,3,3,3,16,0.8,0.3,5,2,1,0,1,1,144184,0,0,109,162,0,111,165,0,1,362158,0,1,77,506445,0,passed,14,0,1,0
idempotency-srs-mixed,157,158,idempotency,23,3,3,3,16,0.8,0.3,5,2,1,0,1,1,241583,0,0,109,162,0,111,165,0,1,365446,0,1,78,607125,0,passed,23,0,1,0
idempotency-srs-mixed,158,159,idempotency,15,3,3,3,16,0.8,0.3,5,2,1,0,7,39,4390431,0,0,40782,141545,37,29553,107657,14,7,2595123,0,7,25245,7011131,0,passed,15,4,10,4
idempotency-srs-mixed,159,160,idempotency,24,3,3,3,16,0.8,0.3,5,2,1,0,7,54,19273616,0,0,95698,510502,155,71611,391235,71,8,2635950,1,8,63505,21973578,0,passed,24,1,13,1
idempotency-srs-mixed,160,161,idempotency,23,3,3,3,16,0.8,0.3,5,2,1,0,8,87,51874358,0,0,217406,1247606,322,162025,957283,265,11,2968397,3,11,149245,54992779,0,passed,23,4,17,4
idempotency-srs-mixed,161,162,idempotency,20,3,3,3,16,0.8,0.3,5,2,1,0,1,1,209412,0,0,109,162,0,111,165,0,1,363189,0,1,78,572713,0,passed,20,0,1,0
idempotency-srs-mixed,162,163,idempotency,19,3,3,3,16,0.8,0.3,5,2,1,0,5,51,19366607,0,0,102192,419405,436,73931,296667,456,7,1887143,2,7,68081,21322232,0,passed,19,2,14,2
idempotency-srs-mixed,163,164,idempotency,25,3,3,3,16,0.8,0.3,5,2,1,0,6,29,9137338,0,0,42246,143655,17,32236,108769,56,6,2204378,0,6,27566,11369553,0,passed,25,1,8,1
idempotency-srs-mixed,164,165,idempotency,20,3,3,3,16,0.8,0.3,5,2,1,0,7,76,33968798,0,0,190927,894808,248,159512,747089,240,9,2604801,2,9,136005,36710261,0,passed,20,2,15,2
idempotency-srs-mixed,165,166,idempotency,26,3,3,3,16,0.8,0.3,5,2,1,0,8,72,78704144,0,0,225555,954889,364,180672,748568,266,11,2911536,3,11,144343,81761743,0,passed,26,1,16,1
idempotency-srs-mixed,166,167,idempotency,21,3,3,3,16,0.8,0.3,5,2,1,0,1,1,241572,0,0,109,162,0,111,165,0,1,372474,0,1,84,614153,0,passed,21,0,1,0
idempotency-srs-mixed,167,168,idempotency,24,3,3,3,16,0.8,0.3,5,2,1,0,1,1,255197,0,0,109,162,0,111,165,0,1,337307,0,1,60,592588,0,passed,24,0,1,0
idempotency-srs-mixed,168,169,idempotency,22,3,3,3,16,0.8,0.3,5,2,1,0,6,45,14479421,0,0,65429,223475,359,51950,176769,76,7,2184600,1,7,41219,16705608,0,passed,22,2,10,2
idempotency-srs-mixed,169,170,idempotency,24,3,3,3,16,0.8,0.3,5,2,1,0,12,142,97345888,0,0,453739,2174343,477,379768,1820089,409,13,4176597,1,13,272992,101796590,0,passed,24,1,20,1
idempotency-srs-mixed,170,171,idempotency,15,3,3,3,16,0.8,0.3,5,2,1,0,1,1,147248,0,0,109,162,1,111,165,0,1,363710,0,1,78,511049,0,passed,15,0,1,0
idempotency-srs-mixed,171,172,idempotency,24,3,3,3,16,0.8,0.3,5,2,1,0,10,115,76948201,0,0,434811,2268664,590,361365,1935206,506,13,3571900,3,13,298920,80820272,0,passed,24,1,20,1
idempotency-srs-mixed,172,173,idempotency,17,3,3,3,16,0.8,0.3,5,2,1,0,6,47,9389416,0,0,79297,336774,99,64955,271901,139,7,2188818,1,7,50876,11629497,0,passed,17,1,12,1
idempotency-srs-mixed,173,174,idempotency,17,3,3,3,16,0.8,0.3,5,2,1,0,6,65,17023445,0,0,158848,662813,480,130001,574903,516,9,2249124,3,9,105784,19381566,0,passed,17,1,17,1
idempotency-srs-mixed,174,175,idempotency,19,3,3,3,16,0.8,0.3,5,2,1,0,6,49,17551813,0,0,137246,627328,185,98402,448397,189,8,2250945,2,8,86794,19889999,0,passed,19,1,14,1
idempotency-srs-mixed,175,176,idempotency,18,3,3,3,16,0.8,0.3,5,2,1,0,11,112,28432426,0,0,244197,971229,361,183082,746001,277,12,4095499,1,12,159416,32688129,0,passed,18,4,16,4
idempotency-srs-mixed,176,177,idempotency,25,3,3,3,16,0.8,0.3,5,2,1,0,1,1,298750,0,0,109,162,0,111,165,0,1,364070,0,1,90,662931,0,passed,25,0,1,0
idempotency-srs-mixed,177,178,idempotency,24,3,3,3,16,0.8,0.3,5,2,1,0,11,96,43012177,0,0,322075,1848117,538,250947,1442763,271,11,4011704,0,11,210038,47234763,0,passed,24,1,15,1
idempotency-srs-mixed,178,179,idempotency,22,3,3,3,16,0.8,0.3,5,2,1,0,1,1,247448,0,0,109,162,1,111,165,0,1,362559,0,1,97,610131,0,passed,22,0,1,0
idempotency-srs-mixed,179,180,idempotency,17,3,3,3,16,0.8,0.3,5,2,1,0,1,1,169041,0,0,109,162,0,111,165,0,1,364766,0,1,85,533908,0,passed,17,0,1,0
idempotency-srs-mixed,180,181,idempotency,14,3,3,3,16,0.8,0.3,5,2,1,0,1,1,140245,0,0,109,162,0,111,165,0,1,359816,0,1,92,500171,0,passed,14,0,1,0
idempotency-srs-mixed,181,182,idempotency,24,3,3,3,16,0.8,0.3,5,2,1,0,13,170,104092367,0,0,573548,2672714,460,468221,2161520,581,14,4800880,1,14,370457,109265194,0,passed,24,2,23,2
idempotency-srs-mixed,182,183,idempotency,20,3,3,3,16,0.8,0.3,5,2,1,0,9,105,54965334,0,0,347220,1499709,383,280631,1210258,333,12,3300125,3,12,220992,58487345,0,passed,20,1,19,1
idempotency-srs-mixed,183,184,idempotency,20,3,3,3,16,0.8,0.3,5,2,1,0,1,1,216883,0,0,109,162,0,111,165,0,1,369285,0,1,85,586276,0,passed,20,0,1,0
idempotency-srs-mixed,184,185,idempotency,25,3,3,3,16,0.8,0.3,5,2,1,0,1,1,327706,0,0,109,162,29,111,165,0,1,367136,0,1,115,694980,0,passed,25,0,1,0
idempotency-srs-mixed,185,186,idempotency,20,3,3,3,16,0.8,0.3,5,2,1,0,7,63,19409872,0,0,136696,799322,225,114128,685728,164,10,2506402,3,10,98929,22015951,0,passed,20,1,13,1
idempotency-srs-mixed,186,187,idempotency,17,3,3,3,16,0.8,0.3,5,2,1,0,8,73,11256966,0,0,180014,916967,298,142523,732380,261,11,2937413,3,11,127778,14322858,0,passed,17,4,15,4
idempotency-srs-mixed,187,188,idempotency,16,3,3,3,16,0.8,0.3,5,2,1,0,1,1,138561,0,0,109,162,1,111,165,0,1,368420,0,1,80,507076,0,passed,16,0,1,0
idempotency-srs-mixed,188,189,idempotency,23,3,3,3,16,0.8,0.3,5,2,1,0,1,1,232244,0,0,109,162,0,111,165,0,1,297266,0,1,68,529593,0,passed,23,0,1,0
idempotency-srs-mixed,189,190,idempotency,16,3,3,3,16,0.8,0.3,5,2,1,0,1,1,154776,0,0,109,162,0,111,165,0,1,362276,0,1,57,517126,0,passed,16,0,1,0
idempotency-srs-mixed,190,191,idempotency,14,3,3,3,16,0.8,0.3,5,2,1,0,8,50,5341454,0,0,105743,461470,166,85612,383595,191,11,2931726,3,11,71290,8345074,0,passed,14,1,10,1
idempotency-srs-mixed,191,192,idempotency,25,3,3,3,16,0.8,0.3,5,2,1,0,1,1,299354,0,0,109,162,0,111,165,0,1,365421,0,1,78,664871,0,passed,25,0,1,0
idempotency-srs-mixed,192,193,idempotency,20,3,3,3,16,0.8,0.3,5,2,1,0,1,1,225501,0,0,109,162,0,111,165,0,1,363021,0,1,79,588621,0,passed,20,0,1,0
idempotency-srs-mixed,193,194,idempotency,23,3,3,3,16,0.8,0.3,5,2,1,0,1,1,270403,0,0,109,162,0,111,165,0,1,365919,0,1,83,636425,0,passed,23,0,1,0
idempotency-srs-mixed,194,195,idempotency,25,3,3,3,16,0.8,0.3,5,2,1,0,7,73,49202803,0,0,204369,1633419,594,158346,1268147,428,10,2635143,3,10,145904,51985940,0,passed,25,1,16,1
idempotency-srs-mixed,195,196,idempotency,19,3,3,3,16,0.8,0.3,5,2,1,0,1,1,187517,0,0,109,162,1,111,165,7,1,365276,0,1,97,552908,0,passed,19,0,1,0
idempotency-srs-mixed,196,197,idempotency,20,3,3,3,16,0.8,0.3,5,2,1,0,7,56,11209359,0,0,95726,474815,140,81590,410236,147,8,2594231,1,8,66940,13871054,0,passed,20,1,13,1
idempotency-srs-mixed,197,198,idempotency,23,3,3,3,16,0.8,0.3,5,2,1,0,9,82,37284871,0,0,163930,950630,185,122052,698496,145,9,3392245,0,9,114437,40792144,0,passed,23,3,16,3
idempotency-srs-mixed,198,199,idempotency,25,3,3,3,16,0.8,0.3,5,2,1,0,7,59,26585049,0,0,115938,977875,313,99280,896801,225,9,2588017,2,9,95201,29269047,0,passed,25,3,12,3
idempotency-srs-mixed,199,200,idempotency,21,3,3,3,16,0.8,0.3,5,2,1,0,5,36,12734122,0,0,86770,414002,136,61698,300083,188,8,1876628,3,8,57235,14668379,0,passed,21,2,11,2
idempotency-srs-mixed,200,201,idempotency,19,3,3,3,16,0.8,0.3,5,2,1,0,1,1,199824,0,0,109,162,1,111,165,0,1,366961,0,1,85,566889,0,passed,19,0,1,0
idempotency-srs-mixed,201,202,idempotency,24,3,3,3,16,0.8,0.3,5,2,1,0,1,1,284888,0,0,109,162,0,111,165,0,1,365695,0,1,80,650690,0,passed,24,0,1,0
idempotency-srs-mixed,202,203,idempotency,21,3,3,3,16,0.8,0.3,5,2,1,0,1,1,241353,0,0,109,162,1,111,165,0,1,366126,0,1,97,607596,0,passed,21,0,1,0
idempotency-srs-mixed,203,204,idempotency,16,3,3,3,16,0.8,0.3,5,2,1,0,1,1,160978,0,0,109,162,0,111,165,0,1,366116,0,1,82,527195,0,passed,16,0,1,0
idempotency-srs-mixed,204,205,idempotency,25,3,3,3,16,0.8,0.3,5,2,1,0,3,12,4611111,0,0,19717,76899,24,14039,55911,11,5,1106062,2,5,10074,5727472,0,passed,25,1,7,1
idempotency-srs-mixed,205,206,idempotency,24,3,3,3,16,0.8,0.3,5,2,1,0,4,38,24359124,0,0,141000,630090,220,103932,457462,167,7,1572833,3,7,97585,26029949,0,passed,24,4,17,4
idempotency-srs-mixed,206,207,idempotency,15,3,3,3,16,0.8,0.3,5,2,1,0,6,41,5761382,0,0,80058,417085,124,60093,321382,114,7,2161091,1,7,54352,7977329,0,passed,15,1,11,1
idempotency-srs-mixed,207,208,idempotency,24,3,3,3,16,0.8,0.3,5,2,1,0,1,1,255349,0,0,109,162,0,111,165,0,1,362917,0,1,84,618369,0,passed,24,0,1,0
idempotency-srs-mixed,208,209,idempotency,20,3,3,3,16,0.8,0.3,5,2,1,0,9,99,37716257,0,0,271625,1248364,375,226499,1025515,279,10,3315705,1,10,187306,41220072,0,passed,20,1,18,1
idempotency-srs-mixed,209,210,idempotency,14,3,3,3,16,0.8,0.3,5,2,1,0,6,51,4860785,0,0,77953,259955,146,61001,203941,103,7,2222945,1,7,51196,7135340,0,passed,14,3,12,2
idempotency-srs-mixed,210,211,idempotency,18,3,3,3,16,0.8,0.3,5,2,1,0,1,1,147882,0,0,109,162,0,111,165,0,1,369826,0,1,84,517813,0,passed,18,0,1,0
idempotency-srs-mixed,211,212,idempotency,18,3,3,3,16,0.8,0.3,5,2,1,0,1,1,186809,0,0,109,162,0,111,165,0,1,369320,0,1,81,556229,0,passed,18,0,1,0
idempotency-srs-mixed,0,213,idempotency,20,3,3,3,16,0.8,0.3,5,2,1,0,13,136,46437903,0,0,350868,1560765,497,277233,1223183,410,14,4762422,1,14,229432,51430783,0,passed,20,1,17,1
idempotency-srs-mixed,1,214,idempotency,25,3,3,3,16,0.8,0.3,5,2,1,0,10,120,96013617,0,0,323322,1772850,561,256427,1370885,424,12,3662786,2,12,216956,99894277,0,passed,25,4,20,4
idempotency-srs-mixed,2,215,idempotency,18,3,3,3,16,0.8,0.3,5,2,1,0,1,1,190645,0,0,109,162,1,111,165,0,1,364916,0,1,86,555668,0,passed,18,0,1,0
idempotency-srs-mixed,3,216,idempotency,18,3,3,3,16,0.8,0.3,5,2,1,0,6,55,13105765,0,0,89030,377474,160,73768,310074,48,7,2222836,1,7,59663,15388637,0,passed,18,3,13,1
idempotency-srs-mixed,4,217,idempotency,26,3,3,3,16,0.8,0.3,5,2,1,0,9,110,132841644,0,0,315941,1435125,326,263767,1197692,297,11,3527054,2,11,219349,136588864,0,passed,26,2,19,2
idempotency-srs-mixed,5,218,idempotency,25,3,3,3,16,0.8,0.3,5,2,1,0,10,125,124592398,0,0,400568,2005601,477,329692,1637869,373,11,3731204,1,11,276470,128601023,0,passed,25,1,19,1
idempotency-srs-mixed,6,219,idempotency,16,3,3,3,16,0.8,0.3,5,2,1,0,1,1,168767,0,0,109,162,0,111,165,0,1,362534,0,1,79,531397,0,passed,16,0,1,0
idempotency-srs-mixed,7,220,idempotency,26,3,3,3,16,0.8,0.3,5,2,1,0,12,147,184980414,0,0,477673,2253823,995,415397,1951832,956,14,4467987,2,14,345115,189794643,0,passed,26,2,23,2
idempotency-srs-mixed,8,221,idempotency,19,3,3,3,16,0.8,0.3,5,2,1,0,8,85,27654982,0,0,142093,558268,117,125527,503904,128,8,2956212,0,8,97964,30709634,0,passed,19,4,17,4
idempotency-srs-mixed,9,222,idempotency,25,3,3,3,16,0.8,0.3,5,2,1,0,11,129,98858864,0,0,269037,1050284,298,237690,947655,375,11,4059449,0,11,186096,103105221,0,passed,25,3,19,3
idempotency-srs-mixed,10,223,idempotency,14,3,3,3,16,0.8,0.3,5,2,1,0,1,1,143286,0,0,109,162,0,111,165,0,1,363766,0,1,86,507354,0,passed,14,0,1,0
idempotency-srs-mixed,11,224,idempotency,20,3,3,3,16,0.8,0.3,5,2,1,0,9,91,31212864,0,0,261899,1281362,232,205275,997855,282,11,3408009,2,11,175144,34796837,0,passed,20,1,17,1
idempotency-srs-mixed,12,225,idempotency,16,3,3,3,16,0.8,0.3,5,2,1,0,7,72,17318641,0,0,137321,511125,270,111895,413126,130,8,2587793,1,8,91323,19998190,0,passed,16,1,14,1
idempotency-srs-mixed,13,226,idempotency,20,3,3,3,16,0.8,0.3,5,2,1,0,1,1,214492,0,0,109,162,0,111,165,0,1,363938,0,1,84,578532,0,passed,20,0,1,0
idempotency-srs-mixed,14,227,idempotency,24,3,3,3,16,0.8,0.3,5,2,1,0,10,130,96025311,0,0,364116,2689180,587,273122,2012981,497,12,3702321,2,12,266552,99995284,0,passed,24,4,20,4
idempotency-srs-mixed,15,228,idempotency,22,3,3,3,16,0.8,0.3,5,2,1,0,11,152,103431293,0,0,431948,2350900,460,381428,2097518,529,12,4017042,1,12,305520,107755021,0,passed,22,1,21,1
idempotency-srs-mixed,16,229,idempotency,21,3,3,3,16,0.8,0.3,5,2,1,0,7,77,52007484,0,0,375977,1916100,664,296258,1528438,433,11,2669820,4,11,261179,54939391,0,passed,21,2,21,2
idempotency-srs-mixed,17,230,idempotency,15,3,3,3,16,0.8,0.3,5,2,1,0,4,15,1226788,0,0,6958,22526,0,5140,18182,11,4,1484460,0,4,4507,2715889,0,passed,15,3,6,3
idempotency-srs-mixed,18,231,idempotency,19,3,3,3,16,0.8,0.3,5,2,1,0,6,36,7066168,0,0,45564,159106,106,33221,119154,100,7,2273998,1,7,29006,9369496,0,passed,19,2,9,2
idempotency-srs-mixed,19,232,idempotency,14,3,3,3,16,0.8,0.3,5,2,1,0,1,1,136122,0,0,109,162,1,111,165,0,1,367150,0,1,84,503376,0,passed,14,0,1,0
idempotency-srs-mixed,20,233,idempotency,20,3,3,3,16,0.8,0.3,5,2,1,0,5,32,8331619,0,0,55343,272320,119,46743,233840,147,7,1837859,2,7,39683,10209617,0,passed,20,1,9,1
idempotency-srs-mixed,21,234,idempotency,19,3,3,3,16,0.8,0.3,5,2,1,0,7,64,19116896,0,0,134980,1199617,479,101323,948184,210,9,2608336,2,9,101258,21827446,0,passed,19,4,14,4
idempotency-srs-mixed,22,235,idempotency,15,3,3,3,16,0.8,0.3,5,2,1,0,5,32,4650771,0,0,48261,194851,103,36660,147016,77,6,1834505,1,6,31344,6516940,0,passed,15,1,10,1
idempotency-srs-mixed,23,236,idempotency,22,3,3,3,16,0.8,0.3,5,2,1,0,6,51,23234520,0,0,104692,468769,198,87718,394305,169,8,2210611,2,8,71898,25517583,0,passed,22,1,12,1
idempotency-srs-mixed,24,237,idempotency,14,3,3,3,16,0.8,0.3,5,2,1,0,9,54,6651083,0,0,82532,342120,188,63495,266323,149,9,3320197,0,9,54761,10026540,0,passed,14,1,10,1
idempotency-srs-mixed,25,238,idempotency,14,3,3,3,16,0.8,0.3,5,2,1,0,1,1,153450,0,0,109,162,0,111,165,0,1,373593,0,1,85,527147,0,passed,14,0,1,0
idempotency-srs-mixed,26,239,idempotency,14,3,3,3,16,0.8,0.3,5,2,1,0,6,42,4315103,0,0,68854,334444,157,53573,263331,68,8,2242272,2,8,46015,6603823,0,passed,14,1,10,1
idempotency-srs-mixed,27,240,idempotency,24,3,3,3,16,0.8,0.3,5,2,1,0,5,30,10542440,0,0,82756,369958,169,60546,273876,108,8,1891533,3,8,53755,12488272,0,passed,24,4,11,4
idempotency-srs-mixed,28,241,idempotency,19,3,3,3,16,0.8,0.3,5,2,1,0,1,1,192177,0,0,109,162,0,111,165,0,1,363387,0,1,80,555667,0,passed,19,0,1,0
idempotency-srs-mixed,29,242,idempotency,24,3,3,3,16,0.8,0.3,5,2,1,0,12,160,112545129,0,0,692802,4926715,856,542993,3844292,619,14,4407816,2,14,493175,117447669,0,passed,24,1,22,1
idempotency-srs-mixed,30,243,idempotency,24,3,3,3,16,0.8,0.3,5,2,1,0,10,119,72230812,0,0,290804,1157919,441,249813,998191,510,11,3709032,1,11,203252,76143993,0,passed,24,2,19,2
idempotency-srs-mixed,31,244,idempotency,16,3,3,3,16,0.8,0.3,5,2,1,0,10,82,11332768,0,0,133306,583267,162,100818,442812,216,10,3686381,0,10,88022,15107784,0,passed,16,2,14,2
idempotency-srs-mixed,32,245,idempotency,23,3,3,3,16,0.8,0.3,5,2,1,0,11,140,77941485,0,0,362929,1723580,403,270444,1290839,276,12,4167818,1,12,236805,82347093,0,passed,23,2,22,2
idempotency-srs-mixed,33,246,idempotency,21,3,3,3,16,0.8,0.3,5,2,1,0,6,33,9430195,0,0,66742,406304,151,56533,352214,61,8,2538511,2,8,48813,12018099,0,passed,21,1,8,1
idempotency-srs-mixed,34,247,idempotency,19,3,3,3,16,0.8,0.3,5,2,1,0,9,75,32720726,0,0,143444,731949,240,109225,565648,117,10,3369030,1,10,97667,36188062,0,passed,19,1,13,1
idempotency-srs-mixed,35,248,idempotency,20,3,3,3,16,0.8,0.3,5,2,1,0,7,75,26500274,0,0,156731,631101,174,134175,547737,166,9,2604560,2,9,106393,29211827,0,passed,20,1,15,1
idempotency-srs-mixed,36,249,idempotency,22,3,3,3,16,0.8,0.3,5,2,1,0,1,1,247869,0,0,109,162,0,111,165,0,1,363251,0,1,81,611218,0,passed,22,0,1,0
idempotency-srs-mixed,37,250,idempotency,18,3,3,3,16,0.8,0.3,5,2,1,0,7,52,10073924,0,0,89781,354438,88,74426,294923,100,9,2572111,2,9,61344,12707881,0,passed,18,1,11,1
idempotency-srs-mixed,38,251,idempotency,18,3,3,3,16,0.8,0.3,5,2,1,0,1,1,163425,0,0,109,162,0,111,165,0,1,362685,0,1,90,526220,0,passed,18,0,1,0
idempotency-srs-mixed,39,252,idempotency,18,3,3,3,16,0.8,0.3,5,2,1,0,1,1,174384,0,0,109,162,0,111,165,0,1,363385,0,1,93,537880,0,passed,18,0,1,0
idempotency-srs-mixed,40,253,idempotency,15,3,3,3,16,0.8,0.3,5,2,1,0,1,1,153085,0,0,109,162,0,111,165,0,1,365883,0,1,91,519079,0,passed,15,0,1,0
idempotency-srs-mixed,41,254,idempotency,23,3,3,3,16,0.8,0.3,5,2,1,0,7,64,27552754,0,0,162799,686976,179,134704,573414,195,10,2582031,3,10,109703,30245156,0,passed,23,1,14,1
idempotency-srs-mixed,42,255,idempotency,20,3,3,3,16,0.8,0.3,5,2,1,0,1,1,203638,0,0,109,162,0,111,165,0,1,364368,0,1,100,568123,0,passed,20,0,1,0
idempotency-srs-mixed,43,256,idempotency,20,3,3,3,16,0.8,0.3,5,2,1,0,12,130,48836051,0,0,434749,1914875,599,384987,1687622,461,13,4510082,1,13,308436,53655733,0,passed,20,2,18,1
idempotency-srs-mixed,44,257,idempotency,19,3,3,3,16,0.8,0.3,5,2,1,0,1,1,171163,0,0,109,162,0,111,165,0,1,364435,0,1,87,535704,0,passed,19,0,1,0
idempotency-srs-mixed,45,258,idempotency,18,3,3,3,16,0.8,0.3,5,2,1,0,10,111,32366947,0,0,251193,1093768,432,215965,944559,375,11,3672134,1,11,176478,36216427,0,passed,18,2,16,2
idempotency-srs-mixed,46,259,idempotency,26,3,3,3,16,0.8,0.3,5,2,1,0,8,70,53292581,0,0,166807,716372,357,137470,582950,398,9,2952158,1,9,116169,56361515,0,passed,26,1,14,1
idempotency-srs-mixed,47,260,idempotency,23,3,3,3,16,0.8,0.3,5,2,1,0,1,1,271784,0,0,109,162,0,111,165,0,1,362421,0,1,85,634315,0,passed,23,0,1,0
idempotency-srs-mixed,48,261,idempotency,25,3,3,3,16,0.8,0.3,5,2,1,0,13,129,78002727,0,0,360166,2350763,502,296163,1828850,400,14,4740516,1,14,253823,82998263,0,passed,25,2,17,2
idempotency-srs-mixed,49,262,idempotency,15,3,3,3,16,0.8,0.3,5,2,1,0,1,1,153185,0,0,109,162,0,111,165,0,1,362562,0,1,79,515844,0,passed,15,0,1,0
idempotency-srs-mixed,50,263,idempotency,23,3,3,3,16,0.8,0.3,5,2,1,0,9,109,57060882,0,0,279730,1287998,357,238037,1097965,413,11,3325866,2,11,197797,60585385,0,passed,23,2,18,2
idempotency-srs-mixed,51,264,idempotency,19,3,3,3,16,0.8,0.3,5,2,1,0,10,121,50163472,0,0,463431,1954676,628,375989,1623201,617,12,3677984,2,12,312154,54154575,0,passed,19,2,19,2
idempotency-srs-mixed,52,265,idempotency,20,3,3,3,16,0.8,0.3,5,2,1,0,7,65,15815910,0,0,115149,567545,272,89746,454294,412,8,2557672,1,8,81566,18455704,0,passed,20,4,16,4
idempotency-srs-mixed,53,266,idempotency,20,3,3,3,16,0.8,0.3,5,2,1,0,1,1,191073,0,0,109,162,0,111,165,0,1,360957,0,1,78,552125,0,passed,20,0,1,0
idempotency-srs-mixed,54,267,idempotency,25,3,3,3,16,0.8,0.3,5,2,1,0,1,1,281333,0,0,109,162,0,111,165,0,1,361111,0,1,79,642542,0,passed,25,0,1,0
idempotency-srs-mixed,55,268,idempotency,23,3,3,3,16,0.8,0.3,5,2,1,0,1,1,246964,0,0,109,162,0,111,165,0,1,365385,0,1,83,612451,0,passed,23,0,1,0
idempotency-srs-mixed,56,269,idempotency,25,3,3,3,16,0.8,0.3,5,2,1,0,4,17,4427473,0,0,15079,64520,27,11378,52713,8,5,1454246,1,5,9749,5891657,0,passed,25,1,6,1
idempotency-srs-mixed,57,270,idempotency,22,3,3,3,16,0.8,0.3,5,2,1,0,9,86,40579151,0,0,230416,912575,161,178803,691582,221,11,3330606,2,11,153185,44063560,0,passed,22,2,16,2
idempotency-srs-mixed,58,271,idempotency,19,3,3,3,16,0.8,0.3,5,2,1,0,1,1,199724,0,0,109,162,0,111,165,0,1,360584,0,1,78,560404,0,passed,19,0,1,0
idempotency-srs-mixed,59,272,idempotency,26,3,3,3,16,0.8,0.3,5,2,1,0,1,1,275337,0,0,109,162,0,111,165,0,1,360417,0,1,77,635849,0,passed,26,0,1,0
idempotency-srs-mixed,60,273,idempotency,24,3,3,3,16,0.8,0.3,5,2,1,0,1,1,293575,0,0,109,162,0,111,165,0,1,357857,0,1,80,651530,0,passed,24,0,1,0
idempotency-srs-mixed,61,274,idempotency,19,3,3,3,16,0.8,0.3,5,2,1,0,10,104,31922880,0,0,299234,1234745,308,267789,1109838,214,11,3658744,1,11,206386,35788831,0,passed,19,1,17,1
idempotency-srs-mixed,62,275,idempotency,19,3,3,3,16,0.8,0.3,5,2,1,0,5,45,17198362,0,0,112285,562704,251,100684,511090,188,7,1825362,2,7,81837,19106021,0,passed,19,1,13,1
idempotency-srs-mixed,63,276,idempotency,18,3,3,3,16,0.8,0.3,5,2,1,0,2,5,591265,0,0,1417,3354,0,911,2379,1,2,720262,0,2,827,1312406,0,passed,18,1,3,1
idempotency-srs-mixed,64,277,idempotency,18,3,3,3,16,0.8,0.3,5,2,1,0,8,84,29222095,0,0,263041,1126917,236,227320,964760,247,10,2876312,2,10,172965,32272144,0,passed,18,1,17,1
idempotency-srs-mixed,65,278,idempotency,18,3,3,3,16,0.8,0.3,5,2,1,0,1,1,192588,0,0,109,162,0,111,165,0,1,359605,0,1,79,552290,0,passed,18,0,1,0
idempotency-srs-mixed,66,279,idempotency,20,3,3,3,16,0.8,0.3,5,2,1,0,9,84,24170601,0,0,174572,684592,198,141291,554840,218,10,3269582,1,10,116535,27557377,0,passed,20,2,15,2
idempotency-srs-mixed,67,280,idempotency,18,3,3,3,16,0.8,0.3,5,2,1,0,7,55,15680188,0,0,95061,374431,102,68465,272624,138,8,2532660,1,8,59586,18272810,0,passed,18,3,12,3
idempotency-srs-mixed,68,281,idempotency,19,3,3,3,16,0.8,0.3,5,2,1,0,1,1,207066,0,0,109,162,1,111,165,0,1,360803,0,1,80,567967,0,passed,19,0,1,0
idempotency-srs-mixed,69,282,idempotency,24,3,3,3,16,0.8,0.3,5,2,1,0,8,91,55235539,0,0,201618,971915,230,157391,752054,304,9,2926511,1,9,131993,58294619,0,passed,24,1,17,1
idempotency-srs-mixed,70,283,idempotency,23,3,3,3,16,0.8,0.3,5,2,1,0,9,103,50562062,0,0,304836,1344027,590,240834,1060432,328,11,3295023,2,11,201465,54059432,0,passed,23,1,20,1
idempotency-srs-mixed,71,284,idempotency,17,3,3,3,16,0.8,0.3,5,2,1,0,1,1,168693,0,0,109,162,1,111,165,0,1,358320,0,1,79,527111,0,passed,17,0,1,0
idempotency-srs-mixed,72,285,idempotency,23,3,3,3,16,0.8,0.3,5,2,1,0,7,54,21746068,0,0,104931,406869,124,83338,316488,196,8,2547361,1,8,70522,24364383,0,passed,23,1,12,1
idempotency-srs-mixed,73,286,idempotency,21,3,3,3,16,0.8,0.3,5,2,1,0,1,1,225843,0,0,109,162,0,111,165,0,1,358099,0,1,78,584037,0,passed,21,0,1,0
idempotency-srs-mixed,74,287,idempotency,23,3,3,3,16,0.8,0.3,5,2,1,0,12,138,79872525,0,0,375819,1791761,379,323209,1548547,559,13,4404932,1,13,258919,84537536,0,passed,23,1,18,1
idempotency-srs-mixed,75,288,idempotency,24,3,3,3,16,0.8,0.3,5,2,1,0,8,61,24802546,0,0,125934,552648,206,98724,436889,361,10,2918147,2,10,84995,27806288,0,passed,24,4,12,4
idempotency-srs-mixed,76,289,idempotency,21,3,3,3,16,0.8,0.3,5,2,1,0,6,80,38632151,0,0,206858,992161,300,162417,791848,221,9,2205477,3,9,139798,40978073,0,passed,21,3,19,3
idempotency-srs-mixed,77,290,idempotency,20,3,3,3,16,0.8,0.3,5,2,1,0,1,2,311434,0,0,396,783,0,220,473,0,1,360639,0,1,218,672308,0,passed,20,1,2,1
idempotency-srs-mixed,78,291,idempotency,21,3,3,3,16,0.8,0.3,5,2,1,0,1,1,198121,0,0,109,162,0,111,165,0,1,360084,0,1,80,558304,0,passed,21,0,1,0
idempotency-srs-mixed,79,292,idempotency,19,3,3,3,16,0.8,0.3,5,2,1,0,11,121,37691769,0,0,328537,1475835,440,280923,1252270,633,12,4084103,1,12,229902,42006750,0,passed,19,1,18,1
idempotency-srs-mixed,80,293,idempotency,22,3,3,3,16,0.8,0.3,5,2,1,0,1,1,256130,0,0,109,162,0,111,165,0,1,360849,0,1,80,617077,0,passed,22,0,1,0
idempotency-srs-mixed,81,294,idempotency,26,3,3,3,16,0.8,0.3,5,2,1,0,10,92,57483766,0,0,230588,1045416,246,176532,789864,337,11,3646937,1,11,150018,61281535,0,passed,26,1,15,1
idempotency-srs-mixed,82,295,idempotency,26,3,3,3,16,0.8,0.3,5,2,1,0,7,71,53746409,0,0,173211,930049,319,133791,745675,230,9,2590635,2,9,118047,56455737,0,passed,26,3,17,3
idempotency-srs-mixed,83,296,idempotency,15,3,3,3,16,0.8,0.3,5,2,1,0,10,70,10479034,0,0,146609,784609,247,111122,590213,196,11,3718418,1,11,98248,14296394,0,passed,15,1,12,1
idempotency-srs-mixed,84,297,idempotency,16,3,3,3,16,0.8,0.3,5,2,1,0,1,1,156906,0,0,109,162,0,111,165,0,1,359078,0,1,88,516090,0,passed,16,0,1,0
idempotency-srs-mixed,85,298,idempotency,17,3,3,3,16,0.8,0.3,5,2,1,0,7,44,8697359,0,0,62263,371946,105,47915,295370,74,8,2544251,1,8,42699,11284715,0,passed,17,1,10,1
idempotency-srs-mixed,86,299,idempotency,16,3,3,3,16,0.8,0.3,5,2,1,0,1,1,166083,0,0,109,162,3,111,165,0,1,361284,0,1,81,527466,0,passed,16,0,1,0
idempotency-srs-mixed,87,300,idempotency,17,3,3,3,16,0.8,0.3,5,2,1,0,5,33,6066603,0,0,34516,127624,43,23628,87570,80,6,1822243,1,6,21470,7910561,0,passed,17,2,9,2